species_name,tRNA_joiner,tRNAscan,1,2,3,4,5,6,7,6:i1,6:i2,7:i1,7:i2,7:i3,8,9,13:i1,13:i2,13:i3,13:i4,13:i5,13:i6,10,11,12,13,14,15,16,17,17a,20a:i1,20a:i2,21:i1,21:i2,21:i3,21:i4,21:i5,21:i6,21:i7,18,19,20,20a,20b,21,22,23,24,25,31:i1,31:i2,31:i3,31:i4,31:i5,31:i6,29:i1,29:i2,29:i3,26,27,28,29,38:i1,38:i2,38:i3,38:i4,38:i5,38:i6,38:i7,38:i8,30,31,32,33,34,35,36,37,38,39,40,41,42,43,44,45,e11,45:i1,e12,e13,e14,e15,e16,e17,e1,e2,e3,e4,e5,e27,e26,e25,e24,e23,e22,e21,46,47,48,49,50,51,52,53,54,55,56,57,58,59,60,61,62,63,64,65,66,66:i1,67,68,69,70,71,72,73,74,75,76,Isotype,Isoacceptor,m7G_46
Pseudomonas_aeruginosa,Ile-GAT,trna1,G,G,G,U,C,U,G,-,-,-,-,-,U,A,-,-,-,-,-,-,G,C,U,C,A,G,U,U,-,-,-,-,-,-,-,-,-,-,G,G,U,U,-,A,G,A,G,C,-,-,-,-,-,-,-,-,-,G,C,A,C,-,-,-,-,-,-,-,-,C,C,C,U,G,A,U,A,A,G,G,G,U,G,A,G,-,-,-,-,-,-,-,-,-,-,-,-,-,-,-,-,-,-,-,-,G,U,C,G,G,C,A,G,U,U,C,G,A,A,U,C,U,G,C,C,C,-,A,G,A,C,C,C,A,C,C,A,Ile,GAU,TRUE
Pseudomonas_aeruginosa,Ile-GAT,trna36,G,G,G,U,C,U,G,-,-,-,-,-,U,A,-,-,-,-,-,-,G,C,U,C,A,G,U,U,-,-,-,-,-,-,-,-,-,-,G,G,U,U,-,A,G,A,G,C,-,-,-,-,-,-,-,-,-,G,C,A,C,-,-,-,-,-,-,-,-,C,C,C,U,G,A,U,A,A,G,G,G,U,G,A,G,-,-,-,-,-,-,-,-,-,-,-,-,-,-,-,-,-,-,-,-,G,U,C,G,G,C,A,G,U,U,C,G,A,A,U,C,U,G,C,C,C,-,A,G,A,C,C,C,A,C,C,A,Ile,GAU,TRUE
Pseudomonas_aeruginosa,Ile-GAT,trna41,G,G,G,U,C,U,G,-,-,-,-,-,U,A,-,-,-,-,-,-,G,C,U,C,A,G,U,U,-,-,-,-,-,-,-,-,-,-,G,G,U,U,-,A,G,A,G,C,-,-,-,-,-,-,-,-,-,G,C,A,C,-,-,-,-,-,-,-,-,C,C,C,U,G,A,U,A,A,G,G,G,U,G,A,G,-,-,-,-,-,-,-,-,-,-,-,-,-,-,-,-,-,-,-,-,G,U,C,G,G,C,A,G,U,U,C,G,A,A,U,C,U,G,C,C,C,-,A,G,A,C,C,C,A,C,C,A,Ile,GAU,TRUE
Pseudomonas_aeruginosa,Ile-GAT,trna48,G,G,G,U,C,U,G,-,-,-,-,-,U,A,-,-,-,-,-,-,G,C,U,C,A,G,U,U,-,-,-,-,-,-,-,-,-,-,G,G,U,U,-,A,G,A,G,C,-,-,-,-,-,-,-,-,-,G,C,A,C,-,-,-,-,-,-,-,-,C,C,C,U,G,A,U,A,A,G,G,G,U,G,A,G,-,-,-,-,-,-,-,-,-,-,-,-,-,-,-,-,-,-,-,-,G,U,C,G,G,C,A,G,U,U,C,G,A,A,U,C,U,G,C,C,C,-,A,G,A,C,C,C,A,C,C,A,Ile,GAU,TRUE
Pseudomonas_aeruginosa,Ala-GGC,trna10,G,G,G,G,C,U,A,-,-,-,-,-,U,A,-,-,-,-,-,-,G,C,U,C,A,G,C,U,-,-,-,-,-,-,-,-,-,-,G,G,G,-,-,A,G,A,G,C,-,-,-,-,-,-,-,-,-,G,C,U,U,-,-,-,-,-,-,-,-,G,C,A,U,G,G,C,A,U,G,C,A,A,G,A,G,-,-,-,-,-,-,-,-,-,-,-,-,-,-,-,-,-,-,-,-,G,U,C,G,A,C,G,G,U,U,C,G,A,U,C,C,C,G,U,C,U,-,A,G,C,U,C,C,A,C,C,A,Ala,GGC,TRUE
Pseudomonas_aeruginosa,Ala-GGC,trna12,G,G,G,G,C,U,A,-,-,-,-,-,U,A,-,-,-,-,-,-,G,C,U,C,A,G,C,U,-,-,-,-,-,-,-,-,-,-,G,G,G,-,-,A,G,A,G,C,-,-,-,-,-,-,-,-,-,G,C,U,U,-,-,-,-,-,-,-,-,G,C,A,U,G,G,C,A,U,G,C,A,A,G,A,G,-,-,-,-,-,-,-,-,-,-,-,-,-,-,-,-,-,-,-,-,G,U,C,G,A,C,G,G,U,U,C,G,A,U,C,C,C,G,U,C,U,-,A,G,C,U,C,C,A,C,C,A,Ala,GGC,TRUE
Pseudomonas_aeruginosa,Glu-TTC,trna11,G,U,C,C,C,C,U,-,-,-,-,-,U,C,-,-,-,-,-,-,G,U,C,U,A,G,U,-,-,-,-,-,-,-,-,-,-,-,G,G,C,C,U,A,G,G,A,C,-,-,-,-,-,-,-,-,-,A,C,C,G,-,-,-,-,-,-,-,-,C,C,C,U,U,U,C,A,C,G,G,C,G,G,U,A,-,-,-,-,-,-,-,-,-,-,-,-,-,-,-,-,-,-,-,-,A,-,C,A,G,G,G,G,U,U,C,G,A,G,U,C,C,C,C,U,A,-,G,G,G,G,A,C,G,C,C,A,Glu,UUC,FALSE
Pseudomonas_aeruginosa,Glu-TTC,trna13,G,U,C,C,C,C,U,-,-,-,-,-,U,C,-,-,-,-,-,-,G,U,C,U,A,G,U,-,-,-,-,-,-,-,-,-,-,-,G,G,C,C,U,A,G,G,A,C,-,-,-,-,-,-,-,-,-,A,C,C,G,-,-,-,-,-,-,-,-,C,C,C,U,U,U,C,A,C,G,G,C,G,G,U,A,-,-,-,-,-,-,-,-,-,-,-,-,-,-,-,-,-,-,-,-,A,-,C,A,G,G,G,G,U,U,C,G,A,G,U,C,C,C,C,U,A,-,G,G,G,G,A,C,G,C,C,A,Glu,UUC,FALSE
Pseudomonas_aeruginosa,Glu-TTC,trna17,G,U,C,C,C,C,U,-,-,-,-,-,U,C,-,-,-,-,-,-,G,U,C,U,A,G,U,-,-,-,-,-,-,-,-,-,-,-,G,G,C,C,U,A,G,G,A,C,-,-,-,-,-,-,-,-,-,A,C,C,G,-,-,-,-,-,-,-,-,C,C,C,U,U,U,C,A,C,G,G,C,G,G,U,A,-,-,-,-,-,-,-,-,-,-,-,-,-,-,-,-,-,-,-,-,A,-,C,A,G,G,G,G,U,U,C,G,A,G,U,C,C,C,C,U,A,-,G,G,G,G,A,C,G,C,C,A,Glu,UUC,FALSE
Pseudomonas_aeruginosa,Val-TAC,trna14,G,G,G,U,G,A,U,-,-,-,-,-,U,A,-,-,-,-,-,-,G,C,U,C,A,G,C,U,-,-,-,-,-,-,-,-,-,-,G,G,G,-,-,A,G,A,G,C,-,-,-,-,-,-,-,-,-,A,U,C,U,-,-,-,-,-,-,-,-,G,C,C,U,U,A,C,A,A,G,C,A,G,A,G,G,-,-,-,-,-,-,-,-,-,-,-,-,-,-,-,-,-,-,-,-,G,U,C,G,G,C,G,G,U,U,C,G,A,U,C,C,C,G,U,C,A,-,U,C,A,C,C,C,A,C,C,A,Val,UAC,TRUE
Pseudomonas_aeruginosa,Val-TAC,trna8,G,G,G,U,G,A,U,-,-,-,-,-,U,A,-,-,-,-,-,-,G,C,U,C,A,G,C,U,-,-,-,-,-,-,-,-,-,-,G,G,G,-,-,A,G,A,G,C,-,-,-,-,-,-,-,-,-,A,U,C,U,-,-,-,-,-,-,-,-,G,C,C,U,U,A,C,A,A,G,C,A,G,A,G,G,-,-,-,-,-,-,-,-,-,-,-,-,-,-,-,-,-,-,-,-,G,U,C,G,G,C,G,G,U,U,C,G,A,U,C,C,C,G,U,C,A,-,U,C,A,C,C,C,A,C,C,A,Val,UAC,TRUE
Pseudomonas_aeruginosa,Asp-GTC,trna15,G,C,A,G,C,G,G,-,-,-,-,-,U,A,-,-,-,-,-,-,G,U,U,C,A,G,U,C,-,-,-,-,-,-,-,-,-,-,G,G,U,U,-,A,G,A,A,U,-,-,-,-,-,-,-,-,-,A,C,C,G,-,-,-,-,-,-,-,-,G,C,C,U,G,U,C,A,C,G,C,C,G,G,G,G,-,-,-,-,-,-,-,-,-,-,-,-,-,-,-,-,-,-,-,-,G,U,C,G,C,G,G,G,U,U,C,G,A,G,U,C,C,C,G,U,C,-,C,G,C,U,G,C,G,C,C,A,Asp,GUC,TRUE
Pseudomonas_aeruginosa,Asp-GTC,trna16,G,C,A,G,C,G,G,-,-,-,-,-,U,A,-,-,-,-,-,-,G,U,U,C,A,G,U,C,-,-,-,-,-,-,-,-,-,-,G,G,U,U,-,A,G,A,A,U,-,-,-,-,-,-,-,-,-,A,C,C,G,-,-,-,-,-,-,-,-,G,C,C,U,G,U,C,A,C,G,C,C,G,G,G,G,-,-,-,-,-,-,-,-,-,-,-,-,-,-,-,-,-,-,-,-,G,U,C,G,C,G,G,G,U,U,C,G,A,G,U,C,C,C,G,U,C,-,C,G,C,U,G,C,G,C,C,A,Asp,GUC,TRUE
Pseudomonas_aeruginosa,Asp-GTC,trna59,G,G,A,G,C,G,G,-,-,-,-,-,U,A,-,-,-,-,-,-,G,U,U,C,A,G,U,C,-,-,-,-,-,-,-,-,-,-,G,G,U,U,-,A,G,A,A,U,-,-,-,-,-,-,-,-,-,A,C,C,G,-,-,-,-,-,-,-,-,G,C,C,U,G,U,C,A,C,G,C,C,G,G,G,G,-,-,-,-,-,-,-,-,-,-,-,-,-,-,-,-,-,-,-,-,G,U,C,G,C,G,G,G,U,U,C,G,A,G,U,C,C,C,G,U,C,-,C,G,C,U,C,C,G,C,C,A,Asp,GUC,TRUE
Pseudomonas_aeruginosa,Asp-GTC,trna9,G,C,A,G,C,G,G,-,-,-,-,-,U,A,-,-,-,-,-,-,G,U,U,C,A,G,U,C,-,-,-,-,-,-,-,-,-,-,G,G,U,U,-,A,G,A,A,U,-,-,-,-,-,-,-,-,-,A,C,C,G,-,-,-,-,-,-,-,-,G,C,C,U,G,U,C,A,C,G,C,C,G,G,G,G,-,-,-,-,-,-,-,-,-,-,-,-,-,-,-,-,-,-,-,-,G,U,C,G,C,G,G,G,U,U,C,G,A,G,U,C,C,C,G,U,C,-,C,G,C,U,G,C,G,C,C,A,Asp,GUC,TRUE
Pseudomonas_aeruginosa,Gly-GCC,trna18,G,C,G,G,G,A,A,-,-,-,-,-,U,A,-,-,-,-,-,-,G,C,U,C,A,G,U,U,-,-,-,-,-,-,-,-,-,-,G,G,U,-,-,A,G,A,G,C,-,-,-,-,-,-,-,-,-,A,C,G,A,-,-,-,-,-,-,-,-,C,C,U,U,G,C,C,A,A,G,G,U,C,G,G,G,-,-,-,-,-,-,-,-,-,-,-,-,-,-,-,-,-,-,-,-,G,U,C,G,C,G,A,G,U,U,C,G,A,G,U,C,U,C,G,U,U,-,U,C,C,C,G,C,U,C,C,A,Gly,GCC,TRUE
Pseudomonas_aeruginosa,Gly-GCC,trna19,G,C,G,G,G,A,A,-,-,-,-,-,U,A,-,-,-,-,-,-,G,C,U,C,A,G,U,U,-,-,-,-,-,-,-,-,-,-,G,G,U,-,-,A,G,A,G,C,-,-,-,-,-,-,-,-,-,A,C,G,A,-,-,-,-,-,-,-,-,C,C,U,U,G,C,C,A,A,G,G,U,C,G,G,G,-,-,-,-,-,-,-,-,-,-,-,-,-,-,-,-,-,-,-,-,G,U,C,G,C,G,A,G,U,U,C,G,A,G,U,C,U,C,G,U,U,-,U,C,C,C,G,C,U,C,C,A,Gly,GCC,TRUE
Pseudomonas_aeruginosa,Gly-GCC,trna23,G,C,G,G,G,A,A,-,-,-,-,-,U,A,-,-,-,-,-,-,G,C,U,C,A,G,U,U,-,-,-,-,-,-,-,-,-,-,G,G,U,-,-,A,G,A,G,C,-,-,-,-,-,-,-,-,-,A,C,G,A,-,-,-,-,-,-,-,-,C,C,U,U,G,C,C,A,A,G,G,U,C,G,G,G,-,-,-,-,-,-,-,-,-,-,-,-,-,-,-,-,-,-,-,-,G,U,C,G,C,G,A,G,U,U,C,G,A,G,U,C,U,C,G,U,U,-,U,C,C,C,G,C,U,C,C,A,Gly,GCC,TRUE
Pseudomonas_aeruginosa,Ala-TGC,trna2,G,G,G,G,C,C,A,-,-,-,-,-,U,A,-,-,-,-,-,-,G,C,U,C,A,G,C,U,-,-,-,-,-,-,-,-,-,-,G,G,G,-,-,A,G,A,G,C,-,-,-,-,-,-,-,-,-,G,C,C,U,-,-,-,-,-,-,-,-,G,C,U,U,U,G,C,A,C,G,C,A,G,G,A,G,-,-,-,-,-,-,-,-,-,-,-,-,-,-,-,-,-,-,-,-,G,U,C,A,G,G,A,G,U,U,C,G,A,U,C,C,U,C,C,U,U,-,G,G,C,U,C,C,A,C,C,A,Ala,UGC,TRUE
Pseudomonas_aeruginosa,Ala-TGC,trna37,G,G,G,G,C,C,A,-,-,-,-,-,U,A,-,-,-,-,-,-,G,C,U,C,A,G,C,U,-,-,-,-,-,-,-,-,-,-,G,G,G,-,-,A,G,A,G,C,-,-,-,-,-,-,-,-,-,G,C,C,U,-,-,-,-,-,-,-,-,G,C,U,U,U,G,C,A,C,G,C,A,G,G,A,G,-,-,-,-,-,-,-,-,-,-,-,-,-,-,-,-,-,-,-,-,G,U,C,A,G,G,A,G,U,U,C,G,A,U,C,C,U,C,C,U,U,-,G,G,C,U,C,C,A,C,C,A,Ala,UGC,TRUE
Pseudomonas_aeruginosa,Ala-TGC,trna42,G,G,G,G,C,C,A,-,-,-,-,-,U,A,-,-,-,-,-,-,G,C,U,C,A,G,C,U,-,-,-,-,-,-,-,-,-,-,G,G,G,-,-,A,G,A,G,C,-,-,-,-,-,-,-,-,-,G,C,C,U,-,-,-,-,-,-,-,-,G,C,U,U,U,G,C,A,C,G,C,A,G,G,A,G,-,-,-,-,-,-,-,-,-,-,-,-,-,-,-,-,-,-,-,-,G,U,C,A,G,G,A,G,U,U,C,G,A,U,C,C,U,C,C,U,U,-,G,G,C,U,C,C,A,C,C,A,Ala,UGC,TRUE
Pseudomonas_aeruginosa,Ala-TGC,trna49,G,G,G,G,C,C,A,-,-,-,-,-,U,A,-,-,-,-,-,-,G,C,U,C,A,G,C,U,-,-,-,-,-,-,-,-,-,-,G,G,G,-,-,A,G,A,G,C,-,-,-,-,-,-,-,-,-,G,C,C,U,-,-,-,-,-,-,-,-,G,C,U,U,U,G,C,A,C,G,C,A,G,G,A,G,-,-,-,-,-,-,-,-,-,-,-,-,-,-,-,-,-,-,-,-,G,U,C,A,G,G,A,G,U,U,C,G,A,U,C,C,U,C,C,U,U,-,G,G,C,U,C,C,A,C,C,A,Ala,UGC,TRUE
Pseudomonas_aeruginosa,Val-GAC,trna20,A,G,G,C,A,C,G,-,-,-,-,-,U,A,-,-,-,-,-,-,G,C,U,C,A,G,U,U,-,-,-,-,-,-,-,-,-,-,G,G,U,U,-,A,G,A,G,C,-,-,-,-,-,-,-,-,-,A,C,C,A,-,-,-,-,-,-,-,-,C,C,U,U,G,A,C,A,U,G,G,U,G,G,G,G,-,-,-,-,-,-,-,-,-,-,-,-,-,-,-,-,-,-,-,-,G,U,C,G,U,U,G,G,U,U,C,G,A,A,U,C,C,A,A,U,C,-,G,U,G,C,C,U,A,C,C,A,Val,GAC,TRUE
Pseudomonas_aeruginosa,Pro-GGG,trna21,C,G,G,G,G,C,G,-,-,-,-,-,U,A,-,-,-,-,-,-,G,C,G,C,A,G,C,C,U,-,-,-,-,-,-,-,-,-,G,G,U,-,-,A,G,C,G,C,-,-,-,-,-,-,-,-,-,A,C,U,U,-,-,-,-,-,-,-,-,G,C,A,U,G,G,G,G,U,G,C,A,A,G,G,G,-,-,-,-,-,-,-,-,-,-,-,-,-,-,-,-,-,-,-,-,G,U,C,G,A,G,U,G,U,U,C,G,A,A,U,C,A,C,U,C,C,-,G,U,C,C,C,G,A,C,C,A,Pro,GGG,TRUE
Pseudomonas_aeruginosa,Ser-TGA,trna22,G,G,A,G,G,U,G,-,-,-,-,-,U,G,-,-,-,-,-,-,G,C,C,G,A,G,U,-,-,-,-,-,-,-,-,-,-,-,G,G,U,U,U,A,A,G,G,C,-,-,-,-,-,-,-,-,-,A,A,C,G,-,-,-,-,-,-,-,-,G,U,C,U,U,G,A,A,A,A,C,C,G,U,C,-,G,-,A,A,G,G,G,-,G,A,G,A,-,-,C,U,C,U,U,C,-,-,C,G,U,G,A,G,U,U,C,G,A,A,U,C,U,C,A,C,C,-,G,C,C,U,C,C,G,C,C,A,Ser,UGA,FALSE
Pseudomonas_aeruginosa,Cys-GCA,trna24,G,G,C,U,G,A,G,-,-,-,-,-,U,A,-,-,-,-,-,-,G,C,A,G,A,G,U,-,-,-,-,-,-,-,-,-,-,-,G,G,U,-,-,U,A,U,G,C,-,-,-,-,-,-,-,-,-,A,C,C,G,-,-,-,-,-,-,-,-,G,A,U,U,G,C,A,A,A,U,C,C,G,U,G,A,-,-,-,-,-,-,-,-,-,-,-,-,-,-,-,-,-,-,-,-,A,-,C,G,C,C,G,G,U,U,C,G,A,U,U,C,C,G,A,C,C,-,U,C,A,G,C,C,U,C,C,A,Cys,GCA,FALSE
Pseudomonas_aeruginosa,Ini-CAT,trna26,C,G,C,G,G,G,A,-,-,-,-,-,U,G,-,-,-,-,-,-,G,A,G,C,A,G,U,C,U,-,-,-,-,-,-,-,-,-,G,G,U,-,-,A,G,C,U,C,-,-,-,-,-,-,-,-,-,G,U,C,G,-,-,-,-,-,-,-,-,G,G,C,U,C,A,U,A,A,C,C,C,G,A,A,G,-,-,-,-,-,-,-,-,-,-,-,-,-,-,-,-,-,-,-,-,G,U,C,G,U,U,G,G,U,U,C,A,A,A,U,C,C,A,G,C,U,-,C,C,C,G,C,A,A,C,C,A,Ini,CAU,TRUE
Pseudomonas_aeruginosa,Ini-CAT,trna26,C,G,C,G,G,G,A,-,-,-,-,-,U,G,-,-,-,-,-,-,G,A,G,C,A,G,U,C,U,-,-,-,-,-,-,-,-,-,G,G,U,-,-,A,G,C,U,C,-,-,-,-,-,-,-,-,-,G,U,C,G,-,-,-,-,-,-,-,-,G,G,C,U,C,A,U,A,A,C,C,C,G,A,A,G,-,-,-,-,-,-,-,-,-,-,-,-,-,-,-,-,-,-,-,-,G,U,C,G,U,U,G,G,U,U,C,A,A,A,U,C,C,A,G,C,U,-,C,C,C,G,C,A,A,C,C,A,Ini,CAU,TRUE
Pseudomonas_aeruginosa,Ini-CAT,trna40,C,G,C,G,G,G,G,-,-,-,-,-,U,G,-,-,-,-,-,-,G,A,G,C,A,G,U,C,U,-,-,-,-,-,-,-,-,-,G,G,U,-,-,A,G,C,U,C,-,-,-,-,-,-,-,-,-,G,U,C,G,-,-,-,-,-,-,-,-,G,G,C,U,C,A,U,A,A,C,C,C,G,A,A,G,-,-,-,-,-,-,-,-,-,-,-,-,-,-,-,-,-,-,-,-,G,U,C,G,U,U,G,G,U,U,C,A,A,A,U,C,C,A,G,C,C,-,C,C,C,G,C,A,A,C,C,A,Ini,CAU,TRUE
Pseudomonas_aeruginosa,Ini-CAT,trna40,C,G,C,G,G,G,G,-,-,-,-,-,U,G,-,-,-,-,-,-,G,A,G,C,A,G,U,C,U,-,-,-,-,-,-,-,-,-,G,G,U,-,-,A,G,C,U,C,-,-,-,-,-,-,-,-,-,G,U,C,G,-,-,-,-,-,-,-,-,G,G,C,U,C,A,U,A,A,C,C,C,G,A,A,G,-,-,-,-,-,-,-,-,-,-,-,-,-,-,-,-,-,-,-,-,G,U,C,G,U,U,G,G,U,U,C,A,A,A,U,C,C,A,G,C,C,-,C,C,C,G,C,A,A,C,C,A,Ini,CAU,TRUE
Pseudomonas_aeruginosa,Gly-CCC,trna28,G,C,G,G,G,C,G,-,-,-,-,-,U,C,-,-,-,-,-,-,G,U,A,U,A,A,U,-,-,-,-,-,-,-,-,-,-,-,G,G,C,-,-,A,U,U,A,C,-,-,-,-,-,-,-,-,-,C,U,G,A,-,-,-,-,-,-,-,-,G,C,U,U,C,C,C,A,A,G,C,U,C,A,U,G,-,-,-,-,-,-,-,-,-,-,-,-,-,-,-,-,-,-,-,-,A,-,C,G,A,G,G,G,U,U,C,G,A,U,U,C,C,C,U,U,C,-,G,C,C,C,G,C,U,C,C,A,Gly,CCC,FALSE
Pseudomonas_aeruginosa,Arg-ACG,trna29,G,G,U,U,C,G,A,-,-,-,-,-,U,A,-,-,-,-,-,-,G,C,U,C,A,G,C,C,U,-,-,-,-,-,-,-,-,-,G,G,U,-,-,A,G,A,G,C,-,-,-,-,-,-,-,-,-,A,A,C,C,-,-,-,-,-,-,-,-,A,U,C,C,A,C,G,A,A,A,U,G,G,U,C,U,-,-,-,-,-,-,-,-,-,-,-,-,-,-,-,-,-,-,-,-,G,U,C,G,C,G,G,G,U,U,C,G,A,C,U,C,C,C,G,C,U,-,C,G,A,A,C,G,U,-,-,-,Arg,ACG,TRUE
Pseudomonas_aeruginosa,Arg-ACG,trna51,G,C,A,C,U,C,A,-,-,-,-,-,U,A,-,-,-,-,-,-,G,C,U,C,A,G,C,U,-,-,-,-,-,-,-,-,-,-,G,G,A,U,-,A,G,A,G,U,-,-,-,-,-,-,-,-,-,A,C,U,C,-,-,-,-,-,-,-,-,G,G,C,U,A,C,G,A,A,C,C,G,A,G,C,G,-,-,-,-,-,-,-,-,-,-,-,-,-,-,-,-,-,-,-,-,G,U,C,G,G,A,G,G,U,U,C,G,A,A,U,C,C,U,C,C,U,-,G,A,G,U,G,C,G,C,C,A,Arg,ACG,TRUE
Pseudomonas_aeruginosa,Arg-ACG,trna52,G,C,A,C,U,C,A,-,-,-,-,-,U,A,-,-,-,-,-,-,G,C,U,C,A,G,C,U,-,-,-,-,-,-,-,-,-,-,G,G,A,U,-,A,G,A,G,U,-,-,-,-,-,-,-,-,-,A,C,U,C,-,-,-,-,-,-,-,-,G,G,C,U,A,C,G,A,A,C,C,G,A,G,C,G,-,-,-,-,-,-,-,-,-,-,-,-,-,-,-,-,-,-,-,-,G,U,C,G,G,A,G,G,U,U,C,G,A,A,U,C,C,U,C,C,U,-,G,A,G,U,G,C,G,C,C,A,Arg,ACG,TRUE
Pseudomonas_aeruginosa,Tyr-GTA,trna3,G,G,A,G,G,G,A,-,-,-,-,-,U,U,-,-,-,-,-,-,C,C,C,G,A,G,U,-,-,-,-,-,-,-,-,-,-,-,G,G,C,C,A,A,A,G,G,G,-,-,-,-,-,-,-,-,-,A,U,C,A,-,-,-,-,-,-,-,-,G,A,C,U,G,U,A,A,A,U,C,U,G,A,C,-,G,-,U,C,-,-,-,-,A,U,A,-,-,-,-,-,-,G,A,C,U,U,C,G,A,A,G,G,U,U,C,G,A,A,U,C,C,U,U,C,U,-,C,C,C,U,C,C,A,C,C,A,Tyr,GUA,FALSE
Pseudomonas_aeruginosa,Gln-TTG,trna30,A,G,G,G,G,C,G,-,-,-,-,-,U,C,-,-,-,-,-,-,G,C,C,A,A,G,C,-,-,-,-,-,-,-,-,-,-,-,G,G,U,-,-,A,A,G,G,C,-,-,-,-,-,-,-,-,-,A,G,C,A,-,-,-,-,-,-,-,-,G,G,U,U,U,U,G,A,U,C,C,U,G,C,C,A,-,U,-,-,-,-,-,-,-,-,-,-,-,-,-,-,-,-,-,-,G,-,C,G,U,U,G,G,U,U,C,G,A,A,U,C,C,A,G,C,C,-,G,C,C,C,C,U,G,C,C,A,Gln,UUG,FALSE
Pseudomonas_aeruginosa,Met-CAT,trna31,G,G,C,U,A,C,A,-,-,-,-,-,U,A,-,-,-,-,-,-,G,C,U,C,A,G,U,C,-,-,-,-,-,-,-,-,-,-,G,G,U,U,-,A,G,A,G,C,-,-,-,-,-,-,-,-,-,G,C,A,G,-,-,-,-,-,-,-,-,C,A,U,U,C,A,U,A,A,U,G,C,U,G,A,U,-,-,-,-,-,-,-,-,-,-,-,-,-,-,-,-,-,-,-,-,G,U,C,C,C,A,G,G,U,U,C,A,A,G,U,C,C,C,G,G,U,-,G,U,A,G,C,C,A,C,C,A,Met,CAU,TRUE
Pseudomonas_aeruginosa,Leu-CAG,trna32,G,C,C,C,A,G,G,-,-,-,-,-,U,G,-,-,-,-,-,-,G,C,G,G,A,A,U,U,-,-,-,-,-,-,-,-,-,-,G,G,U,A,-,G,A,C,G,C,-,-,-,-,-,-,-,-,-,A,C,U,A,-,-,-,-,-,-,-,-,G,G,U,U,C,A,G,G,U,C,C,U,A,G,C,-,G,-,G,U,G,-,-,-,G,C,A,A,-,-,-,-,C,A,C,C,G,-,U,G,G,A,A,G,U,U,C,G,A,G,U,C,U,U,C,U,C,-,C,U,G,G,G,C,A,C,C,A,Leu,CAG,FALSE
Pseudomonas_aeruginosa,Leu-CAG,trna32,G,C,C,C,A,G,G,-,-,-,-,-,U,G,-,-,-,-,-,-,G,C,G,G,A,A,U,U,-,-,-,-,-,-,-,-,-,-,G,G,U,A,-,G,A,C,G,C,-,-,-,-,-,-,-,-,-,A,C,U,A,-,-,-,-,-,-,-,-,G,G,U,U,C,A,G,G,U,C,C,U,A,G,C,-,G,-,G,U,G,-,-,-,G,C,A,A,-,-,-,-,C,A,C,C,G,-,U,G,G,A,A,G,U,U,C,G,A,G,U,C,U,U,C,U,C,-,C,U,G,G,G,C,A,C,C,A,Leu,CAG,FALSE
Pseudomonas_aeruginosa,Leu-CAG,trna33,G,C,C,C,A,G,G,-,-,-,-,-,U,G,-,-,-,-,-,-,G,C,G,G,A,A,U,U,-,-,-,-,-,-,-,-,-,-,G,G,U,A,-,G,A,C,G,C,-,-,-,-,-,-,-,-,-,A,C,U,A,-,-,-,-,-,-,-,-,G,G,U,U,C,A,G,G,U,C,C,U,A,G,C,-,G,-,G,U,G,-,-,-,G,C,A,A,-,-,-,-,C,A,C,C,G,-,U,G,G,A,A,G,U,U,C,G,A,G,U,C,U,U,C,U,C,-,C,U,G,G,G,C,A,C,C,A,Leu,CAG,FALSE
Pseudomonas_aeruginosa,Leu-CAG,trna33,G,C,C,C,A,G,G,-,-,-,-,-,U,G,-,-,-,-,-,-,G,C,G,G,A,A,U,U,-,-,-,-,-,-,-,-,-,-,G,G,U,A,-,G,A,C,G,C,-,-,-,-,-,-,-,-,-,A,C,U,A,-,-,-,-,-,-,-,-,G,G,U,U,C,A,G,G,U,C,C,U,A,G,C,-,G,-,G,U,G,-,-,-,G,C,A,A,-,-,-,-,C,A,C,C,G,-,U,G,G,A,A,G,U,U,C,G,A,G,U,C,U,U,C,U,C,-,C,U,G,G,G,C,A,C,C,A,Leu,CAG,FALSE
Pseudomonas_aeruginosa,Phe-GAA,trna34,G,C,C,C,A,G,G,-,-,-,-,-,U,A,-,-,-,-,-,-,G,C,U,C,A,G,U,U,-,-,-,-,-,-,-,-,-,-,G,G,U,-,-,A,G,A,G,C,-,-,-,-,-,-,-,-,-,A,G,G,G,-,-,-,-,-,-,-,-,G,A,U,U,G,A,A,A,A,U,C,C,C,C,G,U,-,-,-,-,-,-,-,-,-,-,-,-,-,-,-,-,-,-,-,-,G,U,C,G,G,C,G,G,U,U,C,G,A,U,U,C,C,G,U,C,C,-,C,U,G,G,G,C,A,C,C,A,Phe,GAA,TRUE
Pseudomonas_aeruginosa,Thr-TGT,trna35,G,C,C,G,G,U,A,-,-,-,-,-,U,A,-,-,-,-,-,-,G,C,U,C,A,G,C,U,-,-,-,-,-,-,-,-,-,-,G,G,U,-,-,A,G,A,G,C,-,-,-,-,-,-,-,-,-,A,A,C,U,-,-,-,-,-,-,-,-,G,A,C,U,U,G,U,A,A,U,C,A,G,U,A,G,-,-,-,-,-,-,-,-,-,-,-,-,-,-,-,-,-,-,-,-,G,U,C,C,C,G,G,G,U,U,C,G,A,C,U,C,C,U,G,G,U,-,G,C,C,G,G,C,A,C,C,A,Thr,UGU,TRUE
Pseudomonas_aeruginosa,Sec-TCA,trna38,G,G,A,A,G,G,A,C,A,-,-,-,-,U,-,-,-,-,-,-,C,A,C,G,C,C,C,-,-,-,-,-,-,-,-,-,-,-,G,G,U,G,-,G,C,G,U,G,-,-,-,-,-,-,-,-,-,G,C,C,G,-,-,-,-,-,-,-,-,G,A,C,U,U,C,A,A,A,U,C,C,G,G,U,G,G,-,G,G,G,A,C,G,G,C,A,G,C,C,G,U,U,C,C,U,G,-,G,G,U,G,G,G,U,U,C,G,A,C,U,C,C,C,A,C,U,G,C,C,U,U,C,C,G,C,C,A,Sec,UCA,FALSE
Pseudomonas_aeruginosa,Leu-GAG,trna39,G,C,C,G,A,G,G,-,-,-,-,-,U,G,-,-,-,-,-,-,G,U,G,G,A,A,U,U,-,-,-,-,-,-,-,-,-,-,G,G,U,A,-,G,A,C,A,C,-,-,-,-,-,-,-,-,-,G,C,U,A,-,-,-,-,-,-,-,-,C,C,U,U,G,A,G,G,U,G,G,U,A,G,U,-,G,-,G,C,C,-,-,-,A,U,A,-,-,-,-,-,G,G,C,U,G,-,U,A,G,G,G,G,U,U,C,G,A,G,U,C,C,C,C,U,C,-,C,U,C,G,G,U,A,C,C,A,Leu,GAG,FALSE
Pseudomonas_aeruginosa,Gly-TCC,trna4,G,C,G,G,G,U,A,-,-,-,-,-,U,A,-,-,-,-,-,-,G,U,U,C,A,G,U,-,-,-,-,-,-,-,-,-,-,-,G,G,U,-,-,A,G,A,G,C,-,-,-,-,-,-,-,-,-,C,U,C,A,-,-,-,-,-,-,-,-,G,C,C,U,U,C,C,A,A,G,C,U,G,A,U,G,-,-,-,-,-,-,-,-,-,-,-,-,-,-,-,-,-,-,-,-,A,-,U,G,C,G,G,G,U,U,C,G,A,U,U,C,C,C,G,C,U,-,A,C,C,C,G,C,U,C,C,A,Gly,UCC,FALSE
Pseudomonas_aeruginosa,Asn-GTT,trna43,U,C,C,G,C,G,A,-,-,-,-,-,U,A,-,-,-,-,-,-,G,C,U,C,A,G,U,C,-,-,-,-,-,-,-,-,-,-,G,G,U,-,-,A,G,A,G,C,-,-,-,-,-,-,-,-,-,A,A,A,U,-,-,-,-,-,-,-,-,G,A,C,U,G,U,U,A,A,U,C,A,U,U,G,G,-,-,-,-,-,-,-,-,-,-,-,-,-,-,-,-,-,-,-,-,G,U,C,C,C,U,G,G,U,U,C,G,A,G,U,C,C,A,G,G,U,-,C,G,C,G,G,A,G,C,C,A,Asn,GUU,TRUE
Pseudomonas_aeruginosa,Asn-GTT,trna62,U,C,C,G,C,G,A,-,-,-,-,-,U,A,-,-,-,-,-,-,G,C,U,C,A,G,U,C,-,-,-,-,-,-,-,-,-,-,G,G,U,-,-,A,G,A,G,C,-,-,-,-,-,-,-,-,-,A,A,A,U,-,-,-,-,-,-,-,-,G,A,C,U,G,U,U,A,A,U,C,A,U,U,G,G,-,-,-,-,-,-,-,-,-,-,-,-,-,-,-,-,-,-,-,-,G,U,C,C,C,U,G,G,U,U,C,G,A,G,U,C,C,A,G,G,U,-,C,G,C,G,G,A,G,C,C,A,Asn,GUU,TRUE
Pseudomonas_aeruginosa,Pro-TGG,trna44,C,G,G,G,G,U,A,-,-,-,-,-,U,A,-,-,-,-,-,-,G,C,G,C,A,G,U,C,C,-,-,-,-,-,-,-,-,-,G,G,U,-,-,A,G,C,G,C,-,-,-,-,-,-,-,-,-,G,C,C,U,-,-,-,-,-,-,-,-,G,C,U,U,U,G,G,G,A,G,C,A,G,G,A,U,-,-,-,-,-,-,-,-,-,-,-,-,-,-,-,-,-,-,-,-,G,U,C,G,G,G,A,G,U,U,C,G,A,A,U,C,U,C,U,C,U,-,A,C,C,C,C,G,A,C,C,A,Pro,UGG,TRUE
Pseudomonas_aeruginosa,Lys-TTT,trna45,G,G,G,U,C,G,U,-,-,-,-,-,U,A,-,-,-,-,-,-,G,C,U,C,A,G,U,C,-,-,-,-,-,-,-,-,-,-,G,G,U,-,-,A,G,A,G,C,-,-,-,-,-,-,-,-,-,A,G,U,U,-,-,-,-,-,-,-,-,G,G,C,U,U,U,U,A,A,C,C,A,A,U,U,G,-,-,-,-,-,-,-,-,-,-,-,-,-,-,-,-,-,-,-,-,G,U,C,G,U,A,G,G,U,U,C,G,A,A,U,C,C,U,A,C,A,-,C,G,A,C,C,C,A,C,C,A,Lys,UUU,TRUE
Pseudomonas_aeruginosa,Lys-TTT,trna46,G,G,G,U,C,A,U,-,-,-,-,-,U,A,C,-,-,-,-,-,G,A,G,G,-,-,-,-,-,-,-,A,A,C,A,G,-,-,U,G,C,U,-,A,A,C,U,C,A,C,G,G,G,A,-,-,-,G,U,U,G,C,C,C,U,U,C,C,U,U,A,-,U,G,G,A,A,A,-,-,C,U,A,C,G,A,-,C,C,A,G,U,U,U,U,A,-,-,A,A,U,U,G,G,U,G,-,C,G,U,A,G,G,U,U,C,G,A,A,U,C,C,U,A,C,A,-,C,G,A,C,C,C,A,C,C,A,Lys,UUU,TRUE
Pseudomonas_aeruginosa,Lys-TTT,trna53,G,G,G,U,C,G,U,-,-,-,-,-,U,A,-,-,-,-,-,-,G,C,U,C,A,G,U,C,-,-,-,-,-,-,-,-,-,-,G,G,U,-,-,A,G,A,G,C,-,-,-,-,-,-,-,-,-,A,G,U,U,-,-,-,-,-,-,-,-,G,G,C,U,U,U,U,A,A,C,C,A,A,U,U,G,-,-,-,-,-,-,-,-,-,-,-,-,-,-,-,-,-,-,-,-,G,U,C,G,U,A,G,G,U,U,C,G,A,A,U,C,C,U,A,C,A,-,C,G,A,C,C,C,A,C,C,A,Lys,UUU,TRUE
Pseudomonas_aeruginosa,Thr-CGT,trna47,G,C,C,G,G,A,U,-,-,-,-,-,U,A,-,-,-,-,-,-,G,C,U,C,A,G,U,C,-,-,-,-,-,-,-,-,-,-,G,G,U,-,-,A,G,A,G,C,-,-,-,-,-,-,-,-,-,A,G,C,U,-,-,-,-,-,-,-,-,C,A,U,U,C,G,U,A,A,U,G,A,G,A,A,G,-,-,-,-,-,-,-,-,-,-,-,-,-,-,-,-,-,-,-,-,G,U,C,G,G,G,G,G,U,U,C,G,A,U,U,C,C,U,C,U,A,-,U,C,C,G,G,C,A,C,C,A,Thr,CGU,TRUE
Pseudomonas_aeruginosa,Thr-GGT,trna5,G,C,U,C,A,U,G,-,-,-,-,-,U,A,-,-,-,-,-,-,G,C,U,C,A,G,U,U,-,-,-,-,-,-,-,-,-,-,G,G,U,-,-,A,G,A,G,C,-,-,-,-,-,-,-,-,-,A,C,A,C,-,-,-,-,-,-,-,-,C,C,U,U,G,G,U,A,A,G,G,G,U,G,A,G,-,-,-,-,-,-,-,-,-,-,-,-,-,-,-,-,-,-,-,-,G,U,C,A,G,C,G,G,U,U,C,A,A,A,U,C,C,G,C,U,C,-,A,U,G,A,G,C,U,C,C,A,Thr,GGU,TRUE
Pseudomonas_aeruginosa,Ser-GCT,trna50,G,G,A,G,A,G,G,-,-,-,-,-,U,G,-,-,-,-,-,-,G,C,C,G,A,G,U,-,-,-,-,-,-,-,-,-,-,-,G,G,C,C,G,A,A,G,G,C,-,-,-,-,-,-,-,-,-,G,C,U,C,-,-,-,-,-,-,-,-,C,C,C,U,G,C,U,A,A,G,G,G,A,G,U,-,A,-,C,A,C,C,U,-,C,A,A,A,A,-,-,-,G,G,G,U,G,U,C,G,G,G,G,G,U,U,C,G,A,A,U,C,C,C,C,C,C,-,C,U,C,U,C,C,G,C,C,A,Ser,GCU,FALSE
Pseudomonas_aeruginosa,Ser-CGA,trna54,G,G,A,G,A,G,A,-,-,-,-,-,U,G,-,-,-,-,-,-,C,C,G,G,A,G,U,-,-,-,-,-,-,-,-,-,-,-,G,G,U,C,G,A,A,C,G,G,-,-,-,-,-,-,-,-,-,G,A,C,G,-,-,-,-,-,-,-,-,G,A,U,U,C,G,A,A,A,U,C,C,G,U,U,G,A,-,G,U,C,A,-,-,G,C,A,A,-,-,-,U,G,G,C,U,C,-,C,U,A,G,G,G,U,U,C,A,A,A,U,C,C,C,U,A,U,-,C,U,C,U,C,C,G,C,C,A,Ser,CGA,FALSE
Pseudomonas_aeruginosa,Arg-TCT,trna55,G,C,G,C,C,C,G,-,-,-,-,-,U,A,-,-,-,-,-,-,G,C,U,C,A,G,C,U,-,-,-,-,-,-,-,-,-,-,G,G,A,U,-,A,G,A,G,C,-,-,-,-,-,-,-,-,-,A,U,C,C,-,-,-,-,-,-,-,-,G,C,C,U,U,C,U,A,A,G,C,G,G,A,U,G,-,-,-,-,-,-,-,-,-,-,-,-,-,-,-,-,-,-,-,-,G,U,C,G,C,A,G,G,U,U,C,G,A,G,U,C,C,U,G,C,C,-,G,G,G,U,G,C,G,C,C,A,Arg,UCU,TRUE
Pseudomonas_aeruginosa,His-GTG,trna56,G,U,G,G,G,C,G,-,-,-,-,-,U,A,-,-,-,-,-,-,G,C,U,C,A,G,U,U,-,-,-,-,-,-,-,-,-,-,G,G,U,-,-,A,G,A,G,C,-,-,-,-,-,-,-,-,-,A,C,A,G,-,-,-,-,-,-,-,-,G,A,U,U,G,U,G,G,C,U,C,C,U,G,G,U,-,-,-,-,-,-,-,-,-,-,-,-,-,-,-,-,-,-,-,-,G,U,C,G,U,G,G,G,U,U,C,G,A,U,U,C,C,C,A,U,C,-,G,U,C,C,A,C,C,C,C,A,His,GUG,TRUE
Pseudomonas_aeruginosa,His-GTG,trna58,G,U,G,G,G,C,G,-,-,-,-,-,U,A,-,-,-,-,-,-,G,C,U,C,A,G,U,U,-,-,-,-,-,-,-,-,-,-,G,G,U,-,-,A,G,A,G,C,-,-,-,-,-,-,-,-,-,A,C,A,G,-,-,-,-,-,-,-,-,G,A,U,U,G,U,G,G,C,U,C,C,U,G,G,U,-,-,-,-,-,-,-,-,-,-,-,-,-,-,-,-,-,-,-,-,G,U,C,G,U,G,G,G,U,U,C,G,A,U,U,C,C,C,A,U,C,-,G,U,C,C,A,C,C,C,C,A,His,GUG,TRUE
Pseudomonas_aeruginosa,Leu-TAG,trna57,G,C,G,G,A,C,G,-,-,-,-,-,U,G,-,-,-,-,-,-,G,U,G,G,A,A,U,U,-,-,-,-,-,-,-,-,-,-,G,G,U,A,-,G,A,C,A,C,-,-,-,-,-,-,-,-,-,A,C,U,G,-,-,-,-,-,-,-,-,G,A,U,U,U,A,G,G,U,U,C,C,A,G,C,-,G,-,C,C,-,-,-,-,G,C,A,A,-,-,-,-,-,G,G,C,G,-,U,G,A,G,A,G,U,U,C,G,A,G,U,C,U,C,U,C,C,-,G,U,C,C,G,C,A,C,C,A,Leu,UAG,FALSE
Pseudomonas_aeruginosa,Trp-CCA,trna6,A,G,G,C,C,A,G,-,-,-,-,-,U,A,-,-,-,-,-,-,G,C,U,C,A,A,U,U,-,-,-,-,-,-,-,-,-,-,G,G,C,-,-,A,G,A,G,C,-,-,-,-,-,-,-,-,-,G,G,C,G,-,-,-,-,-,-,-,-,G,U,C,U,C,C,A,A,A,A,C,C,G,C,A,G,-,-,-,-,-,-,-,-,-,-,-,-,-,-,-,-,-,-,-,-,G,U,U,G,G,G,G,G,U,U,C,G,A,U,U,C,C,C,U,C,C,-,U,G,G,C,C,U,G,C,C,A,Trp,CCA,TRUE
Pseudomonas_aeruginosa,Ser-GGA,trna60,G,G,U,G,A,G,G,-,-,-,-,-,U,G,-,-,-,-,-,-,U,C,C,G,A,G,U,-,-,-,-,-,-,-,-,-,-,-,G,G,U,U,G,A,A,G,G,A,-,-,-,-,-,-,-,-,-,G,C,A,C,-,-,-,-,-,-,-,-,G,C,C,U,G,G,A,A,A,G,U,G,U,G,U,-,A,-,U,A,C,G,G,-,G,A,A,A,-,-,C,C,G,U,A,U,-,-,C,G,A,G,G,G,U,U,C,G,A,A,U,C,C,C,U,C,C,-,C,U,C,A,C,C,G,C,C,A,Ser,GGA,FALSE
Pseudomonas_aeruginosa,Pro-CGG,trna61,C,G,G,A,G,C,G,-,-,-,-,-,U,A,-,-,-,-,-,-,G,C,G,C,A,G,C,U,U,-,-,-,-,-,-,-,-,-,G,G,U,-,-,A,G,C,G,C,-,-,-,-,-,-,-,-,-,G,U,C,U,-,-,-,-,-,-,-,-,C,G,U,U,C,G,G,G,A,C,G,A,G,A,A,G,-,-,-,-,-,-,-,-,-,-,-,-,-,-,-,-,-,-,-,-,G,U,C,G,C,U,G,G,U,U,C,G,A,A,U,C,C,A,G,U,C,-,G,C,U,C,C,G,A,C,C,A,Pro,CGG,TRUE
Pseudomonas_aeruginosa,Leu-CAA,trna63,G,C,C,U,C,G,G,-,-,-,-,-,U,G,-,-,-,-,-,-,G,C,G,G,A,A,U,C,-,-,-,-,-,-,-,-,-,-,G,G,U,A,-,G,A,C,G,C,-,-,-,-,-,-,-,-,-,G,G,C,G,-,-,-,-,-,-,-,-,G,A,U,U,C,A,A,A,A,U,C,C,G,U,U,-,U,-,C,U,G,-,-,-,G,C,G,A,-,-,-,-,C,A,G,A,G,-,U,G,A,G,A,G,U,U,C,G,A,G,U,C,U,C,U,C,C,-,C,G,A,G,G,C,A,C,C,A,Leu,CAA,FALSE
Pseudomonas_aeruginosa,Arg-CCG,trna65,G,C,A,U,C,C,G,-,-,-,-,-,U,A,-,-,-,-,-,-,G,C,U,C,A,G,C,U,-,-,-,-,-,-,-,-,-,-,G,G,A,U,-,A,G,A,G,U,-,-,-,-,-,-,-,-,-,A,C,U,G,-,-,-,-,-,-,-,-,C,C,C,U,C,C,G,A,A,G,G,C,A,G,G,G,-,-,-,-,-,-,-,-,-,-,-,-,-,-,-,-,-,-,-,-,G,U,C,G,U,G,G,G,U,U,C,G,A,A,U,C,C,C,G,C,C,-,G,G,A,U,G,C,G,C,C,A,Arg,CCG,TRUE
Pseudomonas_aeruginosa,Arg-CCG,trna66,G,C,A,-,-,-,-,-,-,-,-,-,-,G,G,C,A,C,U,U,G,A,U,G,A,G,C,-,-,-,-,U,U,U,U,U,U,A,G,G,C,-,-,A,-,-,U,C,U,G,G,C,A,A,-,-,-,U,C,U,G,U,C,C,U,G,U,A,C,C,A,C,U,G,A,G,A,U,C,G,C,A,U,U,G,C,-,C,C,U,C,C,-,-,-,-,-,-,-,G,A,A,G,G,G,G,-,C,G,U,G,G,G,U,U,C,G,A,A,U,C,C,C,G,C,C,-,G,G,A,U,G,C,G,C,C,A,Arg,CCG,TRUE
Pseudomonas_aeruginosa,Arg-CCT,trna7,G,U,C,C,C,G,G,-,-,-,-,-,U,A,-,-,-,-,-,-,G,C,U,C,A,A,U,U,-,-,-,-,-,-,-,-,-,-,G,G,A,U,-,A,G,A,G,C,-,-,-,-,-,-,-,-,-,A,U,C,C,-,-,-,-,-,-,-,-,C,C,C,U,C,C,U,A,A,G,G,G,G,A,A,G,-,-,-,-,-,-,-,-,-,-,-,-,-,-,-,-,-,-,-,-,G,U,U,G,G,A,G,G,U,U,C,G,A,C,C,C,C,U,C,U,C,-,C,G,G,G,A,C,G,C,C,A,Arg,CCU,TRUE
