species_name,tRNA_joiner,tRNAscan,0,1,2,3,4,5,6,7,8,9,10,11,12,13,14,15,16,17,17a,18,19,20,20a,20b,21,22,23,24,25,26,27,28,29,30,31,32,33,34,35,36,37,38,39,40,41,42,43,44,45,e11,45:i1,e12,e13,e14,e15,e16,e17,e1,e2,e3,e4,e3:i1,e5,e27,e26,e25,e24,e23,e22,e21,46,47,48,49,50,51,52,53,54,55,56,57,58,59,60,61,62,63,64,65,66,67,68,69,70,71,72,73,74,75,76,Isoacceptor,Isotype,s4U_8,m1A_22,k2C_34,I_34,m1G_37
Streptococcus_pneumoniae,Glu-TTC,trna1,-,G,G,U,C,C,G,U,U,G,G,U,C,A,A,G,G,-,-,G,G,U,U,-,A,A,G,A,C,A,C,C,G,C,C,U,U,U,U,C,A,C,G,G,C,G,G,U,A,-,-,-,-,-,-,-,-,-,-,-,-,-,-,-,-,-,-,-,-,-,A,-,C,A,C,G,G,G,U,U,C,G,A,A,U,C,C,C,G,U,A,C,G,G,A,C,U,A,-,-,-,TTC,Glu,FALSE,TRUE,FALSE,FALSE,FALSE
Streptococcus_pneumoniae,Glu-TTC,trna11,-,G,G,U,C,C,G,U,U,G,G,U,C,A,A,G,G,-,-,G,G,U,U,-,A,A,G,A,C,A,C,C,G,C,C,U,U,U,U,C,A,C,G,G,C,G,G,U,A,-,-,-,-,-,-,-,-,-,-,-,-,-,-,-,-,-,-,-,-,-,A,-,C,A,C,G,G,G,U,U,C,G,A,A,U,C,C,C,G,U,A,C,G,G,A,C,U,A,-,-,-,TTC,Glu,FALSE,TRUE,FALSE,FALSE,FALSE
Streptococcus_pneumoniae,Glu-TTC,trna13,-,G,G,U,C,C,G,U,U,G,G,U,C,A,A,G,G,-,-,G,G,U,U,-,A,A,G,A,C,A,C,C,G,C,C,U,U,U,U,C,A,C,G,G,C,G,G,U,A,-,-,-,-,-,-,-,-,-,-,-,-,-,-,-,-,-,-,-,-,-,A,-,C,A,C,G,G,G,U,U,C,G,A,A,U,C,C,C,G,U,A,C,G,G,A,C,U,A,-,-,-,TTC,Glu,FALSE,TRUE,FALSE,FALSE,FALSE
Streptococcus_pneumoniae,Glu-TTC,trna26,-,G,G,U,C,C,G,U,U,G,G,U,C,A,A,G,G,-,-,G,G,U,U,-,A,A,G,A,C,A,C,C,G,C,C,U,U,U,U,C,A,C,G,G,C,G,G,U,A,-,-,-,-,-,-,-,-,-,-,-,-,-,-,-,-,-,-,-,-,-,A,-,C,A,C,G,G,G,U,U,C,G,A,A,U,C,C,C,G,U,A,C,G,G,A,C,U,A,-,-,-,TTC,Glu,FALSE,TRUE,FALSE,FALSE,FALSE
Streptococcus_pneumoniae,Glu-TTC,trna37,-,G,G,U,C,C,G,U,U,G,G,U,C,A,A,G,G,-,-,G,G,U,U,-,A,A,G,A,C,A,C,C,G,C,C,U,U,U,U,C,A,C,G,G,C,G,G,U,A,-,-,-,-,-,-,-,-,-,-,-,-,-,-,-,-,-,-,-,-,-,A,-,C,A,C,G,G,G,U,U,C,G,A,A,U,C,C,C,G,U,A,C,G,G,A,C,U,A,-,-,-,TTC,Glu,FALSE,TRUE,FALSE,FALSE,FALSE
Streptococcus_pneumoniae,Arg-TCT,trna10,-,G,G,U,C,U,C,A,U,A,G,C,U,C,A,G,C,U,-,G,G,A,U,-,A,G,A,G,C,A,U,U,C,G,C,C,U,U,C,U,A,A,G,C,G,A,A,C,G,-,-,-,-,-,-,-,-,-,-,-,-,-,-,-,-,-,-,-,-,-,G,U,C,G,C,A,G,G,U,U,C,G,A,A,U,C,C,U,G,C,U,G,G,G,A,U,C,A,-,-,-,TCT,Arg,TRUE,FALSE,FALSE,FALSE,FALSE
Streptococcus_pneumoniae,Asn-GTT,trna12,-,U,C,C,G,C,C,A,U,A,G,C,U,C,A,G,U,U,-,G,G,U,A,-,G,G,A,G,C,G,C,A,U,G,A,C,U,G,U,U,A,A,U,C,A,U,G,A,U,-,-,-,-,-,-,-,-,-,-,-,-,-,-,-,-,-,-,-,-,-,G,U,C,G,U,A,G,G,U,U,C,G,A,G,U,C,C,U,A,C,U,G,G,C,G,G,A,G,-,-,-,GTT,Asn,TRUE,FALSE,FALSE,FALSE,FALSE
Streptococcus_pneumoniae,Asn-GTT,trna3,-,U,C,C,G,C,C,A,U,A,G,C,U,C,A,G,U,U,-,G,G,U,A,-,G,G,A,G,C,G,C,A,U,G,A,C,U,G,U,U,A,A,U,C,A,U,G,A,U,-,-,-,-,-,-,-,-,-,-,-,-,-,-,-,-,-,-,-,-,-,G,U,C,G,U,A,G,G,U,U,C,G,A,G,U,C,C,U,A,C,U,G,G,C,G,G,A,G,-,-,-,GTT,Asn,TRUE,FALSE,FALSE,FALSE,FALSE
Streptococcus_pneumoniae,Ala-TGC,trna14,-,G,G,G,G,C,C,U,U,A,G,C,U,C,A,G,C,U,-,G,G,G,-,-,A,G,A,G,C,G,C,C,U,G,C,U,U,U,G,C,A,C,G,C,A,G,G,A,G,-,-,-,-,-,-,-,-,-,-,-,-,-,-,-,-,-,-,-,-,-,G,U,C,A,G,C,G,G,U,U,C,G,A,U,C,C,C,G,C,U,A,G,G,C,U,C,C,A,-,-,-,TGC,Ala,TRUE,FALSE,FALSE,FALSE,FALSE
Streptococcus_pneumoniae,Ala-TGC,trna2,-,G,G,G,G,C,C,U,U,A,G,C,U,C,A,G,C,U,-,G,G,G,-,-,A,G,A,G,C,G,C,C,U,G,C,U,U,U,G,C,A,C,G,C,A,G,G,A,G,-,-,-,-,-,-,-,-,-,-,-,-,-,-,-,-,-,-,-,-,-,G,U,C,A,G,C,G,G,U,U,C,G,A,U,C,C,C,G,C,U,A,G,G,C,U,C,C,A,-,-,-,TGC,Ala,TRUE,FALSE,FALSE,FALSE,FALSE
Streptococcus_pneumoniae,Ala-TGC,trna27,-,G,G,G,G,C,C,U,U,A,G,C,U,C,A,G,C,U,-,G,G,G,-,-,A,G,A,G,C,G,C,C,U,G,C,U,U,U,G,C,A,C,G,C,A,G,G,A,G,-,-,-,-,-,-,-,-,-,-,-,-,-,-,-,-,-,-,-,-,-,G,U,C,A,G,C,G,G,U,U,C,G,A,U,C,C,C,G,C,U,A,G,G,C,U,C,C,A,-,-,-,TGC,Ala,TRUE,FALSE,FALSE,FALSE,FALSE
Streptococcus_pneumoniae,Ala-TGC,trna38,-,G,G,G,G,C,C,U,U,A,G,C,U,C,A,G,C,U,-,G,G,G,-,-,A,G,A,G,C,G,C,C,U,G,C,U,U,U,G,C,A,C,G,C,A,G,G,A,G,-,-,-,-,-,-,-,-,-,-,-,-,-,-,-,-,-,-,-,-,-,G,U,C,A,G,C,G,G,U,U,C,G,A,U,C,C,C,G,C,U,A,G,G,C,U,C,C,A,-,-,-,TGC,Ala,TRUE,FALSE,FALSE,FALSE,FALSE
Streptococcus_pneumoniae,Val-TAC,trna15,-,G,G,G,A,G,U,U,U,A,G,C,U,C,A,G,C,U,-,G,G,G,-,-,A,G,A,G,C,A,U,C,U,G,C,C,U,U,A,C,A,A,G,C,A,G,A,G,G,-,-,-,-,-,-,-,-,-,-,-,-,-,-,-,-,-,-,-,-,-,G,U,C,A,G,C,G,G,U,U,C,G,A,U,C,C,C,G,U,U,A,A,C,U,C,C,C,A,-,-,-,TAC,Val,TRUE,FALSE,FALSE,FALSE,FALSE
Streptococcus_pneumoniae,Val-TAC,trna28,-,G,G,G,A,G,U,U,U,A,G,C,U,C,A,G,C,U,-,G,G,G,-,-,A,G,A,G,C,A,U,C,U,G,C,C,U,U,A,C,A,A,G,C,A,G,A,G,G,-,-,-,-,-,-,-,-,-,-,-,-,-,-,-,-,-,-,-,-,-,G,U,C,A,G,C,G,G,U,U,C,G,A,U,C,C,C,G,U,U,A,A,C,U,C,C,C,A,-,-,-,TAC,Val,TRUE,FALSE,FALSE,FALSE,FALSE
Streptococcus_pneumoniae,Val-TAC,trna39,-,G,G,G,A,G,U,U,U,A,G,C,U,C,A,G,C,U,-,G,G,G,-,-,A,G,A,G,C,A,U,C,U,G,C,C,U,U,A,C,A,A,G,C,A,G,A,G,G,-,-,-,-,-,-,-,-,-,-,-,-,-,-,-,-,-,-,-,-,-,G,U,C,A,G,C,G,G,U,U,C,G,A,U,C,C,C,G,U,U,A,A,C,U,C,C,C,A,-,-,-,TAC,Val,TRUE,FALSE,FALSE,FALSE,FALSE
Streptococcus_pneumoniae,Gly-TCC,trna16,-,G,C,G,G,G,U,G,U,A,G,U,U,U,A,G,U,-,-,G,G,U,-,-,A,A,A,A,C,U,A,C,A,G,C,C,U,U,C,C,A,A,G,C,U,G,U,U,-,-,-,-,-,-,-,-,-,-,-,-,-,-,-,-,-,-,-,-,-,-,G,U,C,G,C,G,A,G,U,U,C,G,A,U,U,C,U,C,G,U,C,A,C,C,C,G,C,U,-,-,-,TCC,Gly,TRUE,FALSE,FALSE,FALSE,FALSE
Streptococcus_pneumoniae,Gly-TCC,trna53,-,G,C,G,G,G,U,G,U,A,G,U,U,U,A,G,U,-,-,G,G,U,-,-,A,A,A,A,C,U,A,C,A,G,C,C,U,U,C,C,A,A,G,C,U,G,U,U,-,-,-,-,-,-,-,-,-,-,-,-,-,-,-,-,-,-,-,-,-,-,G,U,C,G,C,G,A,G,U,U,C,G,A,U,U,C,U,C,G,U,C,A,C,C,C,G,C,U,-,-,-,TCC,Gly,TRUE,FALSE,FALSE,FALSE,FALSE
Streptococcus_pneumoniae,Ile-GAT,trna17,-,G,G,G,C,G,C,G,U,A,G,C,U,C,A,G,G,U,-,G,G,U,U,-,A,G,A,G,C,G,C,A,C,G,C,C,U,G,A,U,A,A,G,C,G,U,G,A,G,-,-,-,-,-,-,-,-,-,-,-,-,-,-,-,-,-,-,-,-,-,G,U,C,G,G,U,G,G,U,U,C,G,A,G,U,C,C,A,C,U,C,G,U,G,C,C,C,A,-,-,-,GAT,Ile,FALSE,FALSE,FALSE,FALSE,FALSE
Streptococcus_pneumoniae,Ile-GAT,trna54,-,G,G,G,C,G,C,G,U,A,G,C,U,C,A,G,G,U,-,G,G,U,U,-,A,G,A,G,C,G,C,A,C,G,C,C,U,G,A,U,A,A,G,C,G,U,G,A,G,-,-,-,-,-,-,-,-,-,-,-,-,-,-,-,-,-,-,-,-,-,G,U,C,G,G,U,G,G,U,U,C,G,A,G,U,C,C,A,C,U,C,G,U,G,C,C,C,A,-,-,-,GAT,Ile,FALSE,FALSE,FALSE,FALSE,FALSE
Streptococcus_pneumoniae,Ser-TGA,trna18,-,G,G,A,G,G,A,U,U,A,C,C,C,A,A,G,U,C,C,G,G,C,U,G,A,A,G,G,G,A,A,C,G,G,U,C,U,U,G,A,A,A,A,C,C,G,U,C,A,G,-,G,C,G,U,-,-,G,U,A,A,A,A,-,-,-,G,C,G,U,G,-,C,G,U,G,G,G,U,U,C,G,A,A,U,C,C,C,A,C,A,U,C,C,U,C,C,U,-,-,-,TGA,Ser,TRUE,TRUE,FALSE,FALSE,FALSE
Streptococcus_pneumoniae,Ser-TGA,trna50,-,G,G,A,G,G,A,U,U,A,C,C,C,A,A,G,U,C,C,G,G,C,U,G,A,A,G,G,G,A,A,C,G,G,U,C,U,U,G,A,A,A,A,C,C,G,U,C,A,G,-,G,C,G,U,-,-,G,U,A,A,A,A,-,-,-,G,C,G,U,G,-,C,G,U,G,G,G,U,U,C,G,A,A,U,C,C,C,A,C,A,U,C,C,U,C,C,U,-,-,-,TGA,Ser,TRUE,TRUE,FALSE,FALSE,FALSE
Streptococcus_pneumoniae,Ini-CAT,trna19,-,C,G,C,G,G,G,A,U,G,G,A,G,C,A,G,C,U,C,G,G,U,-,-,A,G,C,U,C,G,U,C,G,G,G,C,U,C,A,U,A,A,C,C,C,G,A,A,G,-,-,-,-,-,-,-,-,-,-,-,-,-,-,-,-,-,-,-,-,-,G,U,C,G,U,A,G,G,U,U,C,A,A,A,U,C,C,U,G,C,U,C,C,C,G,C,A,A,-,-,-,CAT,Ini,TRUE,FALSE,FALSE,FALSE,FALSE
Streptococcus_pneumoniae,Ini-CAT,trna51,-,C,G,C,G,G,G,A,U,G,G,A,G,C,A,G,C,U,C,G,G,U,-,-,A,G,C,U,C,G,U,C,G,G,G,C,U,C,A,U,A,A,C,C,C,G,A,A,G,-,-,-,-,-,-,-,-,-,-,-,-,-,-,-,-,-,-,-,-,-,G,U,C,G,U,A,G,G,U,U,C,A,A,A,U,C,C,U,G,C,U,C,C,C,G,C,A,A,-,-,-,CAT,Ini,TRUE,FALSE,FALSE,FALSE,FALSE
Streptococcus_pneumoniae,Phe-GAA,trna20,-,G,G,C,U,C,G,G,U,A,G,C,U,C,A,G,U,U,-,G,G,U,-,-,A,G,A,G,C,A,A,U,G,G,A,U,U,G,A,A,G,C,U,C,C,A,U,G,U,-,-,-,-,-,-,-,-,-,-,-,-,-,-,-,-,-,-,-,-,-,G,U,C,G,G,C,G,G,U,U,C,G,A,U,U,C,C,G,U,C,U,C,G,C,G,C,C,A,-,-,-,GAA,Phe,TRUE,FALSE,FALSE,FALSE,TRUE
Streptococcus_pneumoniae,Phe-GAA,trna52,-,G,G,C,U,C,G,G,U,A,G,C,U,C,A,G,U,U,-,G,G,U,-,-,A,G,A,G,C,A,A,U,G,G,A,U,U,G,A,A,G,C,U,C,C,A,U,G,U,-,-,-,-,-,-,-,-,-,-,-,-,-,-,-,-,-,-,-,-,-,G,U,C,G,G,C,G,G,U,U,C,G,A,U,U,C,C,G,U,C,U,C,G,C,G,C,C,A,-,-,-,GAA,Phe,TRUE,FALSE,FALSE,FALSE,TRUE
Streptococcus_pneumoniae,Tyr-GTA,trna21,-,G,G,A,A,G,G,G,U,A,G,C,G,A,A,G,A,-,-,G,G,C,U,A,A,A,C,G,C,G,G,C,G,G,A,C,U,G,U,A,A,A,U,C,C,G,C,U,-,-,-,-,-,-,-,C,C,U,U,C,G,-,-,G,G,-,-,-,-,-,U,U,C,G,G,G,G,G,U,U,C,G,A,A,U,C,C,C,U,C,C,C,C,U,U,C,C,A,-,-,-,GTA,Tyr,TRUE,TRUE,FALSE,FALSE,FALSE
Streptococcus_pneumoniae,Tyr-GTA,trna21,-,G,G,A,A,G,G,G,U,A,G,C,G,A,A,G,A,-,-,G,G,C,U,A,A,A,C,G,C,G,G,C,G,G,A,C,U,G,U,A,A,A,U,C,C,G,C,U,-,-,-,-,-,-,-,C,C,U,U,C,G,-,-,G,G,-,-,-,-,-,U,U,C,G,G,G,G,G,U,U,C,G,A,A,U,C,C,C,U,C,C,C,C,U,U,C,C,A,-,-,-,GTA,Tyr,TRUE,TRUE,FALSE,FALSE,FALSE
Streptococcus_pneumoniae,Tyr-GTA,trna4,-,G,G,A,G,A,G,A,U,A,G,C,G,A,A,G,A,-,-,G,G,C,U,A,A,A,C,G,C,G,G,C,G,G,A,C,U,G,U,A,A,A,U,C,C,G,C,U,-,-,-,-,-,-,-,C,C,U,U,C,G,-,-,G,G,-,-,-,-,-,U,U,C,G,G,G,G,G,U,U,C,G,A,A,U,C,C,C,U,C,U,C,U,C,U,C,C,A,-,-,-,GTA,Tyr,TRUE,TRUE,FALSE,FALSE,FALSE
Streptococcus_pneumoniae,Tyr-GTA,trna4,-,G,G,A,G,A,G,A,U,A,G,C,G,A,A,G,A,-,-,G,G,C,U,A,A,A,C,G,C,G,G,C,G,G,A,C,U,G,U,A,A,A,U,C,C,G,C,U,-,-,-,-,-,-,-,C,C,U,U,C,G,-,-,G,G,-,-,-,-,-,U,U,C,G,G,G,G,G,U,U,C,G,A,A,U,C,C,C,U,C,U,C,U,C,U,C,C,A,-,-,-,GTA,Tyr,TRUE,TRUE,FALSE,FALSE,FALSE
Streptococcus_pneumoniae,Trp-CCA,trna22,-,A,C,G,G,G,C,A,U,A,G,U,U,U,A,A,A,-,-,G,G,U,-,-,A,G,A,A,C,U,A,A,G,G,U,C,U,C,C,A,A,A,A,C,C,U,U,C,A,-,-,-,-,-,-,-,-,-,-,-,-,-,-,-,-,-,-,-,-,-,G,-,U,G,U,G,G,G,U,U,C,A,A,U,U,C,C,U,A,C,U,G,C,C,C,G,U,G,-,-,-,CCA,Trp,TRUE,FALSE,FALSE,FALSE,FALSE
Streptococcus_pneumoniae,His-GTG,trna23,G,G,C,G,G,G,U,G,U,G,G,U,G,A,A,G,U,-,-,G,G,U,U,-,A,A,C,A,C,A,C,C,A,G,A,U,U,G,U,G,G,C,U,C,U,G,G,C,A,-,U,-,-,-,-,-,-,-,-,-,-,-,-,-,-,-,-,-,-,-,G,-,C,G,U,G,G,G,U,U,C,G,A,U,C,C,C,C,A,U,C,A,C,U,C,G,C,C,-,-,-,GTG,His,FALSE,TRUE,FALSE,FALSE,TRUE
Streptococcus_pneumoniae,Gln-TTG,trna24,-,U,G,G,G,G,U,A,U,A,G,C,C,A,A,G,C,-,-,G,G,U,-,-,A,A,G,G,C,A,A,G,G,G,A,C,U,U,U,G,A,C,U,C,C,C,U,C,A,-,U,-,-,-,-,-,-,-,-,-,-,-,-,-,-,-,-,-,-,-,G,-,C,G,U,U,G,G,U,U,C,G,A,A,U,C,C,A,G,C,U,A,C,C,C,C,A,G,-,-,-,TTG,Gln,TRUE,TRUE,FALSE,FALSE,FALSE
Streptococcus_pneumoniae,Gln-TTG,trna5,-,U,G,G,G,G,U,A,U,A,G,C,C,A,A,G,C,-,-,G,G,U,-,-,A,A,G,G,C,A,A,G,G,A,A,C,U,U,U,G,A,C,U,C,C,C,U,C,A,-,U,-,-,-,-,-,-,-,-,-,-,-,-,-,-,-,-,-,-,-,G,-,C,G,U,U,G,G,U,U,C,G,A,A,U,C,C,A,G,C,U,A,C,C,C,C,A,G,-,-,-,TTG,Gln,TRUE,TRUE,FALSE,FALSE,FALSE
Streptococcus_pneumoniae,Leu-CAA,trna25,-,G,C,C,G,G,C,G,U,G,G,C,G,G,A,A,U,U,-,G,G,C,A,-,G,A,C,G,C,G,C,U,G,G,A,C,U,C,A,A,A,A,U,C,C,A,G,U,-,G,-,U,C,C,-,-,-,G,C,A,A,-,-,-,-,-,G,G,A,C,G,-,U,G,C,C,G,G,U,U,C,G,A,C,C,C,C,G,G,C,C,G,C,C,G,G,U,A,-,-,-,CAA,Leu,FALSE,FALSE,FALSE,FALSE,FALSE
Streptococcus_pneumoniae,Asp-GTC,trna29,-,G,G,U,C,C,C,G,U,A,G,U,G,U,A,G,C,-,-,G,G,U,U,-,A,U,C,A,C,G,U,C,G,C,C,C,U,G,U,C,A,C,G,G,C,G,A,A,G,-,-,-,-,-,-,-,-,-,-,-,-,-,-,-,-,-,-,-,-,-,A,U,C,G,C,G,G,G,U,U,C,G,A,U,U,C,C,C,G,U,C,G,G,G,A,C,C,G,-,-,-,GTC,Asp,TRUE,FALSE,FALSE,FALSE,FALSE
Streptococcus_pneumoniae,Asp-GTC,trna40,-,G,G,U,C,C,C,G,U,A,G,U,G,U,A,G,C,-,-,G,G,U,U,-,A,U,C,A,C,G,U,C,G,C,C,C,U,G,U,C,A,C,G,G,C,G,A,A,G,-,-,-,-,-,-,-,-,-,-,-,-,-,-,-,-,-,-,-,-,-,A,U,C,G,C,G,G,G,U,U,C,G,A,U,U,C,C,C,G,U,C,G,G,G,A,C,C,G,-,-,-,GTC,Asp,TRUE,FALSE,FALSE,FALSE,FALSE
Streptococcus_pneumoniae,Lys-TTT,trna30,-,G,A,C,U,C,G,U,U,A,G,C,U,C,A,G,U,U,-,G,G,U,-,-,A,G,A,G,C,A,A,U,U,G,A,C,U,U,U,U,A,A,U,C,A,A,U,G,G,-,-,-,-,-,-,-,-,-,-,-,-,-,-,-,-,-,-,-,-,-,G,U,C,A,C,U,G,G,U,U,C,G,A,G,C,C,C,A,G,U,A,C,G,G,G,U,C,A,-,-,-,TTT,Lys,TRUE,FALSE,FALSE,FALSE,FALSE
Streptococcus_pneumoniae,Lys-TTT,trna41,-,G,A,C,U,C,G,U,U,A,G,C,U,C,A,G,U,U,-,G,G,U,-,-,A,G,A,G,C,A,A,U,U,G,A,C,U,U,U,U,A,A,U,C,A,A,U,G,G,-,-,-,-,-,-,-,-,-,-,-,-,-,-,-,-,-,-,-,-,-,G,U,C,A,C,U,G,G,U,U,C,G,A,G,C,C,C,A,G,U,A,C,G,G,G,U,C,A,-,-,-,TTT,Lys,TRUE,FALSE,FALSE,FALSE,FALSE
Streptococcus_pneumoniae,Leu-TAG,trna31,-,G,C,G,G,G,U,U,U,G,G,C,G,G,A,A,U,U,-,G,G,C,A,-,G,A,C,G,C,A,C,C,A,G,A,U,U,U,A,G,G,A,U,C,U,G,G,C,-,G,-,C,U,-,-,-,-,U,A,A,C,-,-,-,-,-,-,G,G,C,G,-,U,G,G,G,G,G,U,U,C,A,A,G,U,C,C,C,U,U,A,A,C,C,C,G,C,A,-,-,-,TAG,Leu,TRUE,FALSE,FALSE,FALSE,TRUE
Streptococcus_pneumoniae,Leu-TAG,trna42,-,G,C,G,G,G,U,U,U,G,G,C,G,G,A,A,U,U,-,G,G,C,A,-,G,A,C,G,C,A,C,C,A,G,A,U,U,U,A,G,G,A,U,C,U,G,G,C,-,G,-,C,U,-,-,-,-,U,A,A,C,-,-,-,-,-,-,G,G,C,G,-,U,G,G,G,G,G,U,U,C,A,A,G,U,C,C,C,U,U,A,A,C,C,C,G,C,A,-,-,-,TAG,Leu,TRUE,FALSE,FALSE,FALSE,TRUE
Streptococcus_pneumoniae,Thr-TGT,trna32,-,G,C,C,G,G,C,U,U,A,G,C,U,C,A,G,U,U,-,G,G,U,-,-,A,G,A,G,C,A,U,C,U,G,A,U,U,U,G,U,A,A,U,C,A,G,A,G,G,-,-,-,-,-,-,-,-,-,-,-,-,-,-,-,-,-,-,-,-,-,G,U,C,G,C,G,U,G,U,U,C,A,A,G,U,C,A,U,G,U,A,G,C,C,G,G,C,A,-,-,-,TGT,Thr,TRUE,FALSE,FALSE,FALSE,FALSE
Streptococcus_pneumoniae,Thr-TGT,trna43,-,G,C,C,G,G,C,U,U,A,G,C,U,C,A,G,U,U,-,G,G,U,-,-,A,G,A,G,C,A,U,C,U,G,A,U,U,U,G,U,A,A,U,C,A,G,A,G,G,-,-,-,-,-,-,-,-,-,-,-,-,-,-,-,-,-,-,-,-,-,G,U,C,G,C,G,U,G,U,U,C,A,A,G,U,C,A,U,G,U,A,G,C,C,G,G,C,A,-,-,-,TGT,Thr,TRUE,FALSE,FALSE,FALSE,FALSE
Streptococcus_pneumoniae,Gly-GCC,trna33,-,G,C,G,A,A,C,G,U,A,G,U,U,C,A,G,U,-,-,G,G,U,-,-,A,G,A,A,C,A,C,C,A,C,C,U,U,G,C,C,A,A,G,G,U,G,G,G,G,-,-,-,-,-,-,-,-,-,-,-,-,-,-,-,-,-,-,-,-,-,G,U,C,G,C,G,G,G,U,U,C,G,A,A,U,C,C,C,G,U,C,G,U,U,C,G,C,U,-,-,-,GCC,Gly,FALSE,FALSE,FALSE,FALSE,FALSE
Streptococcus_pneumoniae,Gly-GCC,trna44,-,G,C,G,A,A,C,G,U,A,G,U,U,C,A,G,U,-,-,G,G,U,-,-,A,G,A,A,C,A,C,C,A,C,C,U,U,G,C,C,A,A,G,G,U,G,G,G,G,-,-,-,-,-,-,-,-,-,-,-,-,-,-,-,-,-,-,-,-,-,G,U,C,G,C,G,G,G,U,U,C,G,A,A,U,C,C,C,G,U,C,G,U,U,C,G,C,U,-,-,-,GCC,Gly,FALSE,FALSE,FALSE,FALSE,FALSE
Streptococcus_pneumoniae,Leu-TAA,trna34,-,G,C,C,G,G,G,G,U,G,G,C,G,G,A,A,C,U,-,G,G,C,A,-,G,A,C,G,C,A,C,A,G,G,A,C,U,U,A,A,A,A,U,C,C,U,G,C,-,G,-,A,U,U,G,-,-,G,U,A,A,-,-,-,-,C,G,A,U,C,G,-,U,A,C,C,G,G,U,U,C,G,A,U,U,C,C,G,G,U,C,C,U,C,G,G,C,A,-,-,-,TAA,Leu,TRUE,TRUE,FALSE,FALSE,FALSE
Streptococcus_pneumoniae,Leu-TAA,trna45,-,G,C,C,G,G,G,G,U,G,G,C,G,G,A,A,C,U,-,G,G,C,A,-,G,A,C,G,C,A,C,A,G,G,A,C,U,U,A,A,A,A,U,C,C,U,G,C,-,G,-,A,U,U,G,-,-,G,U,A,A,-,-,-,-,C,G,A,U,C,G,-,U,A,C,C,G,G,U,U,C,G,A,U,U,C,C,G,G,U,C,C,U,C,G,G,C,A,-,-,-,TAA,Leu,TRUE,TRUE,FALSE,FALSE,FALSE
Streptococcus_pneumoniae,Arg-ACG,trna35,-,G,C,A,C,C,C,U,U,A,G,C,U,C,A,A,C,U,-,G,G,A,U,-,A,G,A,G,U,A,C,C,U,G,A,C,U,A,C,G,A,A,U,C,A,G,G,C,G,-,-,-,-,-,-,-,-,-,-,-,-,-,-,-,-,-,-,-,-,-,G,U,U,A,G,A,G,G,U,U,C,G,A,C,U,C,C,U,C,U,A,G,G,G,U,G,C,A,-,-,-,ACG,Arg,TRUE,FALSE,FALSE,TRUE,FALSE
Streptococcus_pneumoniae,Arg-ACG,trna46,-,G,C,A,C,C,C,U,U,A,G,C,U,C,A,A,C,U,-,G,G,A,U,-,A,G,A,G,U,A,C,C,U,G,A,C,U,A,C,G,A,A,U,C,A,G,G,C,G,-,-,-,-,-,-,-,-,-,-,-,-,-,-,-,-,-,-,-,-,-,G,U,U,A,G,A,G,G,U,U,C,G,A,C,U,C,C,U,C,U,A,G,G,G,U,G,C,A,-,-,-,ACG,Arg,TRUE,FALSE,FALSE,TRUE,FALSE
Streptococcus_pneumoniae,Pro-TGG,trna36,-,C,G,G,G,A,A,G,U,A,G,C,U,C,A,G,C,U,U,G,G,U,-,-,A,G,A,G,U,G,C,U,U,G,G,U,U,U,G,G,G,A,C,C,A,A,G,G,U,-,-,-,-,-,-,-,-,-,-,-,-,-,-,-,-,-,-,-,-,-,G,U,C,G,C,A,G,G,U,U,C,G,A,A,U,C,C,U,G,U,C,U,U,C,C,C,G,A,-,-,-,TGG,Pro,TRUE,FALSE,FALSE,FALSE,TRUE
Streptococcus_pneumoniae,Pro-TGG,trna36,-,C,G,G,G,A,A,G,U,A,G,C,U,C,A,G,C,U,U,G,G,U,-,-,A,G,A,G,U,G,C,U,U,G,G,U,U,U,G,G,G,A,C,C,A,A,G,G,U,-,-,-,-,-,-,-,-,-,-,-,-,-,-,-,-,-,-,-,-,-,G,U,C,G,C,A,G,G,U,U,C,G,A,A,U,C,C,U,G,U,C,U,U,C,C,C,G,A,-,-,-,TGG,Pro,TRUE,FALSE,FALSE,FALSE,TRUE
Streptococcus_pneumoniae,Pro-TGG,trna47,-,C,G,G,G,A,A,G,U,A,G,C,U,C,A,G,C,U,U,G,G,U,-,-,A,G,A,G,U,A,C,U,U,G,G,U,U,U,G,G,G,A,C,C,A,A,G,G,U,-,-,-,-,-,-,-,-,-,-,-,-,-,-,-,-,-,-,-,-,-,G,U,C,G,C,A,G,G,U,U,C,G,A,A,U,C,C,U,G,U,C,U,U,C,C,C,G,A,-,-,-,TGG,Pro,TRUE,FALSE,FALSE,FALSE,TRUE
Streptococcus_pneumoniae,Pro-TGG,trna47,-,C,G,G,G,A,A,G,U,A,G,C,U,C,A,G,C,U,U,G,G,U,-,-,A,G,A,G,U,A,C,U,U,G,G,U,U,U,G,G,G,A,C,C,A,A,G,G,U,-,-,-,-,-,-,-,-,-,-,-,-,-,-,-,-,-,-,-,-,-,G,U,C,G,C,A,G,G,U,U,C,G,A,A,U,C,C,U,G,U,C,U,U,C,C,C,G,A,-,-,-,TGG,Pro,TRUE,FALSE,FALSE,FALSE,TRUE
Streptococcus_pneumoniae,Met-CAT,trna48,-,G,G,C,G,G,U,G,U,A,G,C,U,C,A,G,C,U,-,G,G,C,U,-,A,G,A,G,C,G,U,C,C,G,G,U,U,C,A,U,A,C,C,C,G,G,G,A,G,-,-,-,-,-,-,-,-,-,-,-,-,-,-,-,-,-,-,-,-,-,G,U,C,G,G,G,G,G,U,U,C,G,A,U,C,C,C,C,U,U,C,G,C,C,G,C,U,A,-,-,-,CAT,Met,FALSE,FALSE,FALSE,FALSE,FALSE
Streptococcus_pneumoniae,Ile-CAT,trna49,-,G,G,A,C,C,U,U,U,A,G,C,U,C,A,G,C,U,-,G,G,U,U,-,A,G,A,G,C,U,C,U,C,G,G,C,U,C,A,U,A,A,C,C,G,A,G,U,G,-,-,-,-,-,-,-,-,-,-,-,-,-,-,-,-,-,-,-,-,-,G,U,C,G,U,A,G,G,U,U,C,A,A,G,U,C,C,U,A,C,A,A,G,G,U,C,C,A,-,-,-,CAT,Ile,TRUE,FALSE,TRUE,FALSE,FALSE
Streptococcus_pneumoniae,Ser-GCT,trna55,-,G,G,A,G,A,A,U,U,A,C,U,C,A,A,G,A,-,-,G,G,C,U,G,A,A,G,A,G,G,A,C,G,G,U,U,U,G,C,U,A,A,A,U,C,G,U,U,A,G,-,G,U,C,G,G,-,G,U,A,A,-,-,-,C,U,G,G,C,G,-,-,C,A,A,G,G,G,U,U,C,G,A,A,U,C,C,C,U,U,A,U,U,C,U,C,C,G,-,-,-,GCT,Ser,FALSE,TRUE,FALSE,FALSE,FALSE
Streptococcus_pneumoniae,Leu-AAG,trna56,-,G,C,G,G,G,G,A,U,G,G,C,G,G,A,A,U,U,-,G,G,C,A,-,G,A,C,G,C,G,C,A,G,G,A,C,U,A,A,G,G,A,U,C,C,U,G,U,-,G,-,A,C,C,-,-,-,G,C,U,U,U,A,-,-,-,G,G,U,C,G,-,U,G,A,G,G,G,U,U,C,A,A,G,U,C,C,C,U,C,U,C,U,C,C,G,C,A,-,-,-,AAG,Leu,TRUE,FALSE,FALSE,TRUE,TRUE
Streptococcus_pneumoniae,Arg-CCT,trna57,-,G,C,U,C,C,C,U,U,A,G,U,U,C,A,A,U,-,-,G,G,A,U,-,A,U,A,A,C,A,A,C,U,C,C,C,U,C,C,U,A,A,G,G,A,G,U,A,-,-,-,-,-,-,-,-,-,-,-,-,-,-,-,-,-,-,-,-,-,-,G,U,U,G,C,A,G,G,U,U,C,G,A,U,U,C,C,U,G,C,A,G,G,G,G,G,C,A,-,-,-,CCT,Arg,TRUE,FALSE,FALSE,FALSE,FALSE
Streptococcus_pneumoniae,Arg-CCG,trna58,-,C,C,A,C,C,C,U,U,A,G,U,G,U,A,A,U,-,-,G,G,A,U,-,A,U,C,A,C,G,U,A,A,G,A,U,U,C,C,G,G,U,U,C,U,U,G,A,G,-,-,-,-,-,-,-,-,-,-,-,-,-,-,-,-,-,-,-,-,-,A,-,U,G,G,G,G,G,U,U,C,G,A,U,U,C,C,C,U,C,A,G,G,G,U,G,G,A,-,-,-,CCG,Arg,TRUE,FALSE,FALSE,FALSE,TRUE
Streptococcus_pneumoniae,Ser-GGA,trna59,-,G,G,A,A,G,A,U,U,A,C,U,C,A,A,G,A,-,-,G,G,C,U,U,A,A,G,A,G,G,C,C,G,U,G,U,U,G,G,A,A,A,C,G,C,G,G,U,A,G,-,G,C,G,U,-,-,G,U,A,U,A,A,-,-,-,G,C,G,U,G,-,C,G,U,G,G,G,U,U,C,G,A,A,U,C,C,C,A,U,G,U,C,U,U,C,C,G,-,-,-,GGA,Ser,TRUE,TRUE,FALSE,FALSE,FALSE
Streptococcus_pneumoniae,Thr-GGT,trna7,-,G,C,U,G,A,U,U,U,A,G,C,U,C,A,G,U,U,-,G,G,C,-,-,A,G,A,G,C,G,C,A,U,C,C,A,U,G,G,U,A,A,G,G,A,U,G,A,G,-,-,-,-,-,-,-,-,-,-,-,-,-,-,-,-,-,-,-,-,-,G,U,C,G,C,C,G,G,U,U,C,A,A,U,C,C,C,G,G,C,A,A,U,U,A,G,C,A,-,-,-,GGT,Thr,TRUE,FALSE,FALSE,FALSE,FALSE
Streptococcus_pneumoniae,Lys-CTT,trna8,-,G,C,C,U,C,C,U,U,A,G,C,U,C,A,G,C,U,-,G,G,C,-,-,A,G,A,G,C,A,G,C,G,G,A,C,U,C,U,U,A,A,U,C,C,G,U,G,G,-,-,-,-,-,-,-,-,-,-,-,-,-,-,-,-,-,-,-,-,-,G,U,C,A,C,A,G,G,U,U,C,G,A,U,C,C,C,U,G,U,A,G,G,G,G,G,C,A,-,-,-,CTT,Lys,TRUE,FALSE,FALSE,FALSE,FALSE
Streptococcus_pneumoniae,Cys-GCA,trna9,-,G,G,C,G,G,U,A,U,A,G,C,C,A,A,G,U,-,-,G,G,U,-,-,A,A,G,G,C,A,C,G,G,C,U,C,U,G,C,A,A,A,A,G,C,U,U,G,-,-,-,-,-,-,-,-,-,-,-,-,-,-,-,-,-,-,-,-,-,-,A,U,C,G,U,C,G,G,U,U,C,A,A,A,U,C,C,G,U,C,U,A,C,C,G,C,C,U,-,-,-,GCA,Cys,TRUE,TRUE,FALSE,FALSE,FALSE
