tRNA name,0,1,2,3,4,5,6,7,8,9,10,11,12,13,14,15,16,17,17a,18,19,20,20a,20b,21,22,23,24,25,26,27,28,29,30,31,32,33,34,35,36,37,38,39,40,41,42,43,44,45,e11,e12,e13,e14,e15,e16,e17,e1,e2,e3,e4,e5,e27,e26,e25,e24,e23,e22,e21,46,47,48,49,50,51,52,53,54,55,56,57,58,59,60,61,62,63,64,65,66,67,68,69,70,71,72,73,74,75,76,species_name,Isotype,Isoacceptor,Isodecoder,tRNA_joiner,xG_6,s4U_8,s4U_9,D_16,D_17,acacp3U_20b,m1A_22,CtoY_32,s2C_32,Q_34,k2C_34,cmnm5Um_34,mnm5s2U_34,cmnm5s2U_34,I_34,m1G_37,ms2io6A_37,m6t6A_37,acacp3U_46,acp3U_47
Ala-GGC-1,-,G,G,G,G,C,U,A,U,A,G,C,U,C,A,G,C,U,-,G,G,G,-,-,A,G,A,G,C,G,C,U,U,G,C,A,U,G,G,C,A,U,G,C,A,A,G,A,G,-,-,-,-,-,-,-,-,-,-,-,-,-,-,-,-,-,-,-,G,U,C,U,G,C,G,G,U,U,C,G,A,U,C,C,C,G,C,A,U,A,G,C,U,C,C,A,C,C,A,Vibrio_cholera,Ala,GGC,1,Ala-GGC,FALSE,TRUE,FALSE,FALSE,FALSE,FALSE,FALSE,FALSE,FALSE,FALSE,FALSE,FALSE,FALSE,FALSE,FALSE,FALSE,FALSE,FALSE,FALSE,FALSE
Ala-TGC-1,-,G,G,G,G,U,U,A,U,A,G,C,U,C,A,G,C,U,-,G,G,G,-,-,A,G,A,G,C,G,C,C,U,G,C,C,U,U,G,C,A,C,G,C,A,G,G,A,G,-,-,-,-,-,-,-,-,-,-,-,-,-,-,-,-,-,-,-,G,U,C,U,G,C,G,G,U,U,C,G,A,U,C,C,C,G,C,A,U,A,A,C,U,C,C,A,C,C,A,Vibrio_cholera,Ala,TGC,1,Ala-TGC,FALSE,TRUE,FALSE,FALSE,FALSE,FALSE,FALSE,FALSE,FALSE,FALSE,FALSE,FALSE,FALSE,FALSE,FALSE,FALSE,FALSE,FALSE,FALSE,FALSE
Arg-ACG-1,-,G,C,G,C,U,C,G,U,A,G,C,U,C,A,G,C,U,-,G,G,A,U,-,A,G,A,G,U,A,C,C,U,G,G,C,U,A,C,G,A,A,C,C,A,G,G,C,G,-,-,-,-,-,-,-,-,-,-,-,-,-,-,-,-,-,-,-,G,U,C,A,G,A,G,G,U,U,C,G,A,A,U,C,C,U,C,U,C,G,A,G,C,G,C,G,C,C,A,Vibrio_cholera,Arg,ACG,1,Arg-ACG,FALSE,FALSE,FALSE,FALSE,FALSE,FALSE,FALSE,FALSE,FALSE,FALSE,FALSE,FALSE,FALSE,FALSE,TRUE,FALSE,FALSE,FALSE,FALSE,TRUE
Arg-ACG-2,-,G,C,G,U,C,C,G,U,A,G,C,U,C,A,G,C,U,-,G,G,A,U,-,A,G,A,G,U,A,C,C,U,G,G,C,U,A,C,G,A,A,C,C,A,G,G,C,G,-,-,-,-,-,-,-,-,-,-,-,-,-,-,-,-,-,-,-,G,U,C,A,G,A,G,G,U,U,C,G,A,A,U,C,C,U,C,U,C,G,G,A,C,G,C,G,C,C,A,Vibrio_cholera,Arg,ACG,2,Arg-ACG,FALSE,FALSE,FALSE,FALSE,FALSE,FALSE,FALSE,FALSE,FALSE,FALSE,FALSE,FALSE,FALSE,FALSE,TRUE,FALSE,FALSE,FALSE,FALSE,TRUE
Arg-CCG-1,-,G,C,G,C,C,C,G,U,A,G,C,U,C,A,G,C,U,-,G,G,A,U,-,A,G,A,G,C,G,U,U,G,G,C,C,U,C,C,G,G,A,G,C,C,A,A,A,G,-,-,-,-,-,-,-,-,-,-,-,-,-,-,-,-,-,-,-,G,U,C,G,A,A,G,G,U,U,C,A,A,A,U,C,C,U,U,U,C,G,G,G,C,G,C,G,C,C,A,Vibrio_cholera,Arg,CCG,1,Arg-CCG,FALSE,TRUE,FALSE,FALSE,FALSE,FALSE,FALSE,FALSE,FALSE,FALSE,FALSE,FALSE,FALSE,FALSE,FALSE,TRUE,FALSE,FALSE,FALSE,TRUE
Arg-TCT-1,-,G,C,G,C,C,C,U,U,A,G,C,U,C,A,G,U,U,-,G,G,A,U,-,A,G,A,G,C,A,C,G,U,G,C,C,U,U,C,U,A,A,G,C,A,U,G,U,G,-,-,-,-,-,-,-,-,-,-,-,-,-,-,-,-,-,-,-,G,U,C,A,C,A,G,G,U,U,C,G,A,A,U,C,C,U,G,U,A,G,G,G,C,G,U,G,C,C,A,Vibrio_cholera,Arg,TCT,1,Arg-TCT,FALSE,TRUE,FALSE,FALSE,FALSE,FALSE,FALSE,FALSE,TRUE,FALSE,FALSE,FALSE,FALSE,FALSE,FALSE,FALSE,FALSE,FALSE,FALSE,TRUE
Asn-GTT-1,-,U,C,C,U,C,C,U,U,A,G,C,U,C,A,G,U,C,-,G,G,U,-,-,A,G,A,G,C,G,A,C,G,G,A,C,U,G,U,U,A,A,U,C,C,G,C,A,G,-,-,-,-,-,-,-,-,-,-,-,-,-,-,-,-,-,-,-,G,U,C,G,C,U,G,G,U,U,C,G,A,G,C,C,C,A,G,C,A,G,G,A,G,G,A,G,C,C,A,Vibrio_cholera,Asn,GTT,1,Asn-GTT,FALSE,FALSE,FALSE,FALSE,FALSE,FALSE,FALSE,FALSE,FALSE,FALSE,FALSE,FALSE,FALSE,FALSE,FALSE,FALSE,FALSE,FALSE,FALSE,FALSE
Asn-GTT-2,-,U,C,C,U,C,C,U,U,A,G,U,U,C,A,G,U,C,-,G,G,U,-,-,A,G,A,A,C,G,G,C,G,G,A,C,U,G,U,U,A,A,U,C,C,G,U,A,U,-,-,-,-,-,-,-,-,-,-,-,-,-,-,-,-,-,-,-,G,U,C,G,C,A,G,G,U,U,C,G,A,G,U,C,C,C,G,C,A,G,G,A,G,G,A,G,C,C,A,Vibrio_cholera,Asn,GTT,2,Asn-GTT,FALSE,FALSE,FALSE,FALSE,FALSE,FALSE,FALSE,FALSE,FALSE,FALSE,FALSE,FALSE,FALSE,FALSE,FALSE,FALSE,FALSE,FALSE,FALSE,FALSE
Asn-GTT-3,-,U,C,C,U,C,C,U,U,A,G,C,U,C,A,G,U,C,-,G,G,U,-,-,A,G,A,G,C,G,A,C,G,G,A,C,U,G,U,U,A,A,U,C,C,G,C,A,G,-,-,-,-,-,-,-,-,-,-,-,-,-,-,-,-,-,-,-,G,U,C,G,C,U,G,G,U,U,C,A,A,G,U,C,C,A,G,C,A,G,G,A,G,G,A,G,C,C,A,Vibrio_cholera,Asn,GTT,3,Asn-GTT,FALSE,FALSE,FALSE,FALSE,FALSE,FALSE,FALSE,FALSE,FALSE,FALSE,FALSE,FALSE,FALSE,FALSE,FALSE,FALSE,FALSE,FALSE,FALSE,FALSE
Asp-GTC-1,-,G,G,A,G,C,G,G,U,A,G,U,U,C,A,G,U,C,-,G,G,U,U,-,A,G,A,A,U,A,C,C,G,G,C,C,U,G,U,C,A,C,G,C,C,G,G,G,G,-,-,-,-,-,-,-,-,-,-,-,-,-,-,-,-,-,-,-,G,U,C,G,C,G,G,G,U,U,C,G,A,G,U,C,C,C,G,U,C,C,G,C,U,C,C,G,C,C,A,Vibrio_cholera,Asp,GTC,1,Asp-GTC,FALSE,TRUE,FALSE,FALSE,FALSE,FALSE,FALSE,FALSE,FALSE,TRUE,FALSE,FALSE,FALSE,FALSE,FALSE,FALSE,FALSE,FALSE,FALSE,FALSE
Cys-GCA-1,-,G,G,C,G,C,G,U,U,G,G,C,A,G,A,G,U,-,-,G,G,C,-,-,C,A,U,G,C,A,G,C,G,G,A,U,U,G,C,A,A,A,U,C,C,G,U,G,A,-,-,-,-,-,-,-,-,-,-,-,-,-,-,-,-,-,-,-,A,-,C,C,U,C,G,G,U,U,C,G,A,C,U,C,C,G,G,G,A,C,G,C,G,C,C,U,C,C,A,Vibrio_cholera,Cys,GCA,1,Cys-GCA,FALSE,TRUE,FALSE,FALSE,FALSE,FALSE,FALSE,FALSE,FALSE,FALSE,FALSE,FALSE,FALSE,FALSE,FALSE,FALSE,TRUE,FALSE,FALSE,FALSE
Cys-GCA-2,-,G,G,C,G,C,G,U,U,G,G,C,A,G,A,G,U,-,-,G,G,C,-,-,C,A,U,G,C,A,G,C,G,G,A,U,U,G,C,A,A,A,U,C,C,G,U,G,G,-,-,-,-,-,-,-,-,-,-,-,-,-,-,-,-,-,-,-,A,-,C,C,U,C,G,G,U,U,C,G,A,C,U,C,C,G,G,G,A,C,G,C,G,C,C,U,C,C,A,Vibrio_cholera,Cys,GCA,2,Cys-GCA,FALSE,TRUE,FALSE,FALSE,FALSE,FALSE,FALSE,FALSE,FALSE,FALSE,FALSE,FALSE,FALSE,FALSE,FALSE,FALSE,TRUE,FALSE,FALSE,FALSE
Gln-TTG-1,-,A,G,G,U,C,U,A,U,C,G,C,C,A,A,G,C,-,-,G,G,U,-,-,A,A,G,G,C,A,A,C,G,G,G,U,U,U,U,G,A,U,C,C,C,G,U,C,A,-,-,-,-,-,-,-,-,-,-,-,-,-,-,-,-,-,-,-,C,C,C,C,A,U,G,G,U,U,C,G,A,A,U,C,C,A,U,G,U,A,G,A,C,C,U,G,C,C,A,Vibrio_cholera,Gln,TTG,1,Gln-TTG,FALSE,TRUE,FALSE,FALSE,FALSE,FALSE,FALSE,FALSE,FALSE,FALSE,FALSE,FALSE,FALSE,TRUE,FALSE,FALSE,FALSE,FALSE,TRUE,FALSE
Gln-TTG-2,-,A,G,G,U,C,U,G,U,C,G,C,C,A,A,G,C,-,-,G,G,U,-,-,A,A,G,G,C,A,A,C,G,G,G,U,U,U,U,G,A,U,C,C,C,G,U,C,A,-,-,-,-,-,-,-,-,-,-,-,-,-,-,-,-,-,-,-,C,A,C,C,U,A,G,G,U,U,C,G,A,A,U,C,C,U,A,G,C,A,G,A,C,C,U,G,C,C,A,Vibrio_cholera,Gln,TTG,2,Gln-TTG,FALSE,TRUE,FALSE,FALSE,FALSE,FALSE,FALSE,FALSE,FALSE,FALSE,FALSE,FALSE,FALSE,TRUE,FALSE,FALSE,FALSE,FALSE,TRUE,FALSE
Gln-TTG-3,-,A,G,G,U,C,U,G,U,C,G,C,C,A,A,G,C,-,-,G,G,U,-,-,A,A,G,G,C,A,A,C,G,G,G,U,U,U,U,G,A,U,C,C,C,G,U,C,A,-,-,-,-,-,-,-,-,-,-,-,-,-,-,-,-,-,-,-,C,A,C,C,C,A,G,G,U,U,C,G,A,A,U,C,C,U,G,G,C,A,G,A,C,C,U,G,C,C,A,Vibrio_cholera,Gln,TTG,3,Gln-TTG,FALSE,TRUE,FALSE,FALSE,FALSE,FALSE,FALSE,FALSE,FALSE,FALSE,FALSE,FALSE,FALSE,TRUE,FALSE,FALSE,FALSE,FALSE,TRUE,FALSE
Glu-TTC-1,-,G,U,C,C,C,G,U,U,C,G,U,C,U,A,G,A,-,-,G,G,C,C,C,A,G,G,A,C,A,C,C,G,C,C,C,U,U,U,C,A,C,G,G,C,G,G,U,A,-,-,-,-,-,-,-,-,-,-,-,-,-,-,-,-,-,-,-,A,-,C,A,G,G,G,G,U,U,C,G,A,C,U,C,C,C,C,U,A,C,G,G,G,A,U,A,C,C,A,Vibrio_cholera,Glu,TTC,1,Glu-TTC,FALSE,TRUE,FALSE,FALSE,FALSE,TRUE,FALSE,FALSE,FALSE,FALSE,FALSE,FALSE,FALSE,FALSE,FALSE,FALSE,FALSE,FALSE,FALSE,FALSE
Gly-GCC-1,-,G,C,G,A,C,A,C,U,A,G,C,U,C,A,G,U,U,-,G,G,U,-,-,A,G,A,G,C,G,C,A,A,C,C,U,U,G,C,C,A,A,G,G,U,U,G,A,G,-,-,-,-,-,-,-,-,-,-,-,-,-,-,-,-,-,-,-,G,U,C,A,C,G,A,G,U,U,C,G,A,A,C,C,U,C,G,U,G,U,G,U,C,G,C,U,C,C,A,Vibrio_cholera,Gly,GCC,1,Gly-GCC,FALSE,FALSE,FALSE,FALSE,FALSE,FALSE,FALSE,FALSE,FALSE,FALSE,FALSE,FALSE,FALSE,FALSE,FALSE,FALSE,FALSE,FALSE,FALSE,FALSE
Gly-TCC-1,-,G,C,G,G,G,C,A,U,C,G,U,A,U,A,A,U,-,-,G,G,C,U,-,A,U,U,A,C,C,U,C,A,G,C,C,U,U,C,C,A,A,G,C,U,G,A,U,G,-,-,-,-,-,-,-,-,-,-,-,-,-,-,-,-,-,-,-,A,-,U,G,C,G,G,G,U,U,C,G,A,U,U,C,C,C,G,C,U,G,C,C,C,G,C,U,C,C,A,Vibrio_cholera,Gly,TCC,1,Gly-TCC,FALSE,TRUE,FALSE,FALSE,FALSE,FALSE,FALSE,FALSE,FALSE,FALSE,FALSE,FALSE,FALSE,FALSE,FALSE,FALSE,FALSE,FALSE,FALSE,FALSE
His-GTG-1,G,G,U,G,G,C,U,A,U,A,G,C,U,C,A,G,U,U,-,G,G,U,-,-,A,G,A,G,C,C,C,C,G,G,A,U,U,G,U,G,A,U,U,C,C,G,G,U,U,-,-,-,-,-,-,-,-,-,-,-,-,-,-,-,-,-,-,-,G,U,C,G,U,G,G,G,U,U,C,G,A,G,C,C,C,C,A,U,U,A,G,C,C,A,C,C,C,C,A,Vibrio_cholera,His,GTG,1,His-GTG,FALSE,TRUE,FALSE,FALSE,FALSE,FALSE,FALSE,FALSE,FALSE,TRUE,FALSE,FALSE,FALSE,FALSE,FALSE,FALSE,FALSE,FALSE,FALSE,TRUE
Ile-GAT-1,-,G,G,G,U,C,U,G,U,A,G,C,U,C,A,G,G,U,-,G,G,U,U,-,A,G,A,G,C,G,U,A,C,G,C,C,U,G,A,U,A,A,G,C,G,U,A,A,G,-,-,-,-,-,-,-,-,-,-,-,-,-,-,-,-,-,-,-,G,U,C,G,G,U,G,G,U,U,C,G,A,G,U,C,C,A,C,U,C,A,G,A,C,C,C,A,C,C,A,Vibrio_cholera,Ile,GAT,1,Ile-GAT,FALSE,TRUE,FALSE,FALSE,FALSE,FALSE,FALSE,FALSE,FALSE,FALSE,FALSE,FALSE,FALSE,FALSE,FALSE,FALSE,FALSE,FALSE,FALSE,TRUE
Ile2-CAT-1,-,G,G,C,C,C,C,U,U,A,G,C,U,C,A,G,U,-,-,G,G,U,U,-,A,G,A,G,C,A,G,G,C,G,A,C,U,C,A,U,A,A,U,C,G,C,U,U,G,-,-,-,-,-,-,-,-,-,-,-,-,-,-,-,-,-,-,-,G,U,C,C,C,C,A,G,U,U,C,G,A,A,C,C,U,G,G,G,A,G,G,G,G,C,C,A,C,C,A,Vibrio_cholera,Ile2,CAT,1,Ile2-CAT,FALSE,TRUE,FALSE,FALSE,FALSE,FALSE,FALSE,FALSE,FALSE,FALSE,TRUE,FALSE,FALSE,FALSE,FALSE,FALSE,FALSE,FALSE,FALSE,TRUE
Leu-CAA-1,-,G,C,C,G,A,U,G,U,G,G,U,G,A,A,A,U,U,-,G,G,U,A,-,G,A,C,A,C,G,A,C,G,G,A,U,U,C,A,A,A,A,U,C,C,G,U,U,-,U,C,C,-,-,-,-,U,U,C,G,-,-,-,-,-,G,G,A,G,-,U,G,A,C,G,G,U,U,C,A,A,G,U,C,C,G,U,C,C,A,U,C,G,G,U,A,C,C,A,Vibrio_cholera,Leu,CAA,1,Leu-CAA,FALSE,TRUE,FALSE,FALSE,FALSE,FALSE,FALSE,FALSE,FALSE,FALSE,FALSE,FALSE,FALSE,FALSE,FALSE,FALSE,TRUE,FALSE,FALSE,FALSE
Leu-CAG-1,-,G,C,G,G,U,G,G,U,G,G,C,G,G,A,A,U,U,-,G,G,U,A,-,G,A,C,G,C,G,C,U,A,G,C,U,U,C,A,G,G,U,G,U,U,A,G,U,-,G,U,C,C,-,-,-,U,U,C,-,-,-,-,-,G,G,A,C,G,-,U,G,A,G,G,G,U,U,C,A,A,G,U,C,C,C,U,C,C,U,U,C,C,G,C,A,C,C,A,Vibrio_cholera,Leu,CAG,1,Leu-CAG,FALSE,TRUE,FALSE,TRUE,TRUE,FALSE,FALSE,FALSE,FALSE,FALSE,FALSE,FALSE,FALSE,FALSE,FALSE,TRUE,FALSE,FALSE,FALSE,FALSE
Leu-GAG-1,-,G,C,C,G,A,G,A,U,G,G,U,G,A,A,A,U,U,-,G,G,U,A,-,G,A,C,A,C,A,C,U,A,G,C,A,U,G,A,G,G,U,G,C,U,A,G,C,-,G,C,C,-,-,-,-,U,U,A,-,-,-,-,-,-,G,G,U,G,-,U,G,A,G,G,G,U,U,C,G,A,G,U,C,C,C,U,C,U,C,U,C,G,G,C,A,C,C,A,Vibrio_cholera,Leu,GAG,1,Leu-GAG,TRUE,FALSE,FALSE,FALSE,FALSE,FALSE,FALSE,FALSE,FALSE,FALSE,FALSE,FALSE,FALSE,FALSE,FALSE,TRUE,FALSE,FALSE,FALSE,FALSE
Leu-TAA-1,-,G,C,C,C,U,G,G,U,G,G,U,G,A,A,A,U,C,-,G,G,U,A,-,G,A,C,A,C,A,A,G,G,G,A,U,U,U,A,A,A,A,U,C,C,C,U,C,-,G,A,C,U,-,-,-,U,U,C,G,-,-,-,-,A,G,U,C,G,-,U,G,C,C,G,G,U,U,C,A,A,G,U,C,C,G,G,C,C,C,G,G,G,G,C,A,C,C,A,Vibrio_cholera,Leu,TAA,1,Leu-TAA,FALSE,TRUE,FALSE,FALSE,FALSE,FALSE,FALSE,FALSE,FALSE,FALSE,FALSE,TRUE,FALSE,FALSE,FALSE,FALSE,TRUE,FALSE,FALSE,FALSE
Leu-TAG-1,-,G,C,G,G,A,A,G,U,G,G,C,G,A,A,A,U,U,-,G,G,U,A,-,G,A,C,G,C,A,C,C,A,G,A,U,U,U,A,G,G,U,U,C,U,G,G,C,-,G,C,C,-,-,-,-,G,C,A,A,-,-,-,-,-,G,G,U,G,-,U,A,A,G,A,G,U,U,C,A,A,G,U,C,U,C,U,U,C,U,U,C,C,G,C,A,C,C,A,Vibrio_cholera,Leu,TAG,1,Leu-TAG,FALSE,TRUE,FALSE,FALSE,FALSE,FALSE,FALSE,FALSE,FALSE,FALSE,FALSE,FALSE,FALSE,FALSE,FALSE,TRUE,FALSE,FALSE,FALSE,FALSE
Leu-TAG-2,-,G,C,G,G,A,A,G,U,G,G,C,G,A,A,A,U,U,-,G,G,U,A,-,G,A,C,G,C,A,C,C,A,G,A,U,U,U,A,G,G,U,U,C,U,G,G,C,-,G,C,C,-,-,-,-,G,C,G,A,-,-,-,-,-,G,G,C,G,-,U,A,A,G,A,G,U,U,C,A,A,G,U,C,U,C,U,U,C,U,U,C,C,G,C,A,C,C,A,Vibrio_cholera,Leu,TAG,2,Leu-TAG,FALSE,TRUE,FALSE,FALSE,FALSE,FALSE,FALSE,FALSE,FALSE,FALSE,FALSE,FALSE,FALSE,FALSE,FALSE,TRUE,FALSE,FALSE,FALSE,FALSE
Lys-TTT-1,-,G,G,G,U,C,G,U,U,A,G,C,U,C,A,G,U,-,-,G,G,U,-,-,A,G,A,G,C,A,G,U,U,G,G,C,U,U,U,U,A,A,C,C,A,A,U,U,G,-,-,-,-,-,-,-,-,-,-,-,-,-,-,-,-,-,-,-,G,U,C,A,U,A,G,G,U,U,C,A,A,A,U,C,C,U,A,U,A,C,G,A,C,C,C,A,C,C,A,Vibrio_cholera,Lys,TTT,1,Lys-TTT,FALSE,TRUE,FALSE,FALSE,FALSE,FALSE,FALSE,FALSE,FALSE,FALSE,FALSE,FALSE,TRUE,FALSE,FALSE,FALSE,FALSE,FALSE,FALSE,TRUE
Met-CAT-1,-,G,G,C,U,A,C,G,U,A,G,C,U,C,A,G,U,U,-,G,G,U,U,-,A,G,A,G,C,A,C,A,U,C,A,C,U,C,A,U,A,A,U,G,A,U,G,G,G,-,-,-,-,-,-,-,-,-,-,-,-,-,-,-,-,-,-,-,G,U,C,A,C,A,G,G,U,U,C,A,A,A,U,C,C,C,G,U,C,G,U,A,G,C,C,A,C,C,A,Vibrio_cholera,Met,CAT,1,Met-CAT,FALSE,TRUE,FALSE,TRUE,TRUE,FALSE,FALSE,FALSE,FALSE,FALSE,FALSE,FALSE,FALSE,FALSE,FALSE,FALSE,FALSE,FALSE,FALSE,TRUE
Met-CAT-2,-,G,G,C,U,A,C,G,U,A,G,C,U,C,A,G,U,U,-,G,G,U,U,-,A,G,A,G,C,A,C,A,U,C,A,C,U,C,A,U,A,A,U,G,A,U,G,G,G,-,-,-,-,-,-,-,-,-,-,-,-,-,-,-,-,-,-,-,G,U,C,A,C,A,G,G,U,U,C,G,A,A,U,C,C,C,G,U,C,G,U,A,G,C,C,A,C,C,A,Vibrio_cholera,Met,CAT,2,Met-CAT,FALSE,TRUE,FALSE,TRUE,TRUE,FALSE,FALSE,FALSE,FALSE,FALSE,FALSE,FALSE,FALSE,FALSE,FALSE,FALSE,FALSE,FALSE,FALSE,TRUE
Phe-GAA-1,-,G,C,C,U,C,G,A,U,A,G,C,U,C,A,G,U,C,-,G,G,U,-,-,A,G,A,G,C,A,G,A,G,G,A,U,U,G,A,A,A,A,U,C,C,U,C,G,U,-,-,-,-,-,-,-,-,-,-,-,-,-,-,-,-,-,-,-,G,U,C,G,G,U,G,G,U,U,C,G,A,U,U,C,C,G,C,C,U,C,G,A,G,G,C,A,C,C,A,Vibrio_cholera,Phe,GAA,1,Phe-GAA,FALSE,TRUE,FALSE,FALSE,FALSE,FALSE,FALSE,FALSE,FALSE,FALSE,FALSE,FALSE,FALSE,FALSE,FALSE,FALSE,TRUE,FALSE,FALSE,TRUE
Phe-GAA-2,-,G,C,C,C,G,G,A,U,A,G,C,U,C,A,G,U,C,-,G,G,U,-,-,A,G,A,G,C,A,G,A,G,G,A,U,U,G,A,A,A,A,U,C,C,U,C,G,U,-,-,-,-,-,-,-,-,-,-,-,-,-,-,-,-,-,-,-,G,U,C,G,G,U,G,G,U,U,C,G,A,U,U,C,C,G,C,C,U,C,C,G,G,G,C,A,C,C,A,Vibrio_cholera,Phe,GAA,2,Phe-GAA,FALSE,TRUE,FALSE,FALSE,FALSE,FALSE,FALSE,FALSE,FALSE,FALSE,FALSE,FALSE,FALSE,FALSE,FALSE,FALSE,TRUE,FALSE,FALSE,TRUE
Pro-GGG-1,-,C,G,G,A,C,U,G,U,A,G,C,G,C,A,G,C,U,U,G,G,U,-,-,A,G,C,G,C,A,C,C,G,U,C,A,U,G,G,G,G,U,G,U,C,G,G,G,G,-,-,-,-,-,-,-,-,-,-,-,-,-,-,-,-,-,-,-,G,U,C,G,G,A,G,G,U,U,C,A,A,A,U,C,C,U,C,U,C,A,G,U,C,C,G,A,C,C,A,Vibrio_cholera,Pro,GGG,1,Pro-GGG,FALSE,TRUE,FALSE,FALSE,FALSE,FALSE,FALSE,FALSE,FALSE,FALSE,FALSE,FALSE,FALSE,FALSE,FALSE,TRUE,FALSE,FALSE,FALSE,FALSE
Pro-TGG-1,-,C,G,G,U,G,A,A,U,A,G,C,G,C,A,G,U,U,U,G,G,U,-,-,A,G,C,G,C,A,U,C,U,G,G,U,U,U,G,G,G,A,C,C,A,G,A,G,G,-,-,-,-,-,-,-,-,-,-,-,-,-,-,-,-,-,-,-,G,U,C,G,G,G,G,G,U,U,C,G,A,A,U,C,C,C,U,C,U,U,C,A,C,C,G,A,C,C,A,Vibrio_cholera,Pro,TGG,1,Pro-TGG,FALSE,TRUE,FALSE,FALSE,FALSE,FALSE,FALSE,FALSE,FALSE,FALSE,FALSE,FALSE,FALSE,FALSE,FALSE,TRUE,FALSE,FALSE,FALSE,FALSE
Ser-GCT-1,-,G,G,U,G,A,G,G,U,G,G,C,C,G,A,G,A,-,-,G,G,C,U,G,A,A,G,G,C,G,C,U,C,C,C,C,U,G,C,U,A,A,G,G,G,A,G,U,-,A,U,A,C,G,G,U,U,U,A,U,A,G,C,C,G,U,A,U,-,-,C,G,A,G,G,G,U,U,C,G,A,A,U,C,C,C,U,C,C,U,U,C,A,C,C,G,C,C,A,Vibrio_cholera,Ser,GCT,1,Ser-GCT,FALSE,TRUE,FALSE,FALSE,FALSE,FALSE,FALSE,FALSE,TRUE,FALSE,FALSE,FALSE,FALSE,FALSE,FALSE,FALSE,FALSE,FALSE,FALSE,FALSE
Ser-GCT-2,-,G,G,U,G,A,G,G,U,G,G,C,C,G,A,G,A,-,-,G,G,C,U,G,A,A,G,G,C,G,C,U,C,C,C,C,U,G,C,U,A,A,G,G,G,A,G,U,-,A,U,A,C,G,G,U,U,U,A,U,A,G,C,C,G,U,A,U,-,-,C,G,A,G,G,G,U,U,C,G,A,A,U,C,C,C,U,C,C,C,U,C,A,C,C,G,C,C,A,Vibrio_cholera,Ser,GCT,2,Ser-GCT,FALSE,TRUE,FALSE,FALSE,FALSE,FALSE,FALSE,FALSE,TRUE,FALSE,FALSE,FALSE,FALSE,FALSE,FALSE,FALSE,FALSE,FALSE,FALSE,FALSE
Ser-GGA-1,-,G,G,U,G,A,G,U,U,G,U,C,C,G,A,G,U,-,-,G,G,C,U,G,A,A,G,G,A,G,C,A,C,G,C,C,U,G,G,A,A,A,G,U,G,U,G,U,-,A,U,A,C,G,-,-,G,C,A,A,-,-,-,C,G,U,A,U,-,-,C,G,A,G,A,G,U,U,C,G,A,A,U,C,U,C,U,C,A,C,U,C,A,C,C,G,C,C,A,Vibrio_cholera,Ser,GGA,1,Ser-GGA,FALSE,TRUE,FALSE,FALSE,FALSE,FALSE,FALSE,FALSE,FALSE,FALSE,FALSE,FALSE,FALSE,FALSE,FALSE,FALSE,FALSE,FALSE,FALSE,FALSE
Ser-TGA-1,-,G,G,A,G,A,G,A,U,G,G,C,U,G,A,G,U,-,-,G,G,U,U,G,A,A,A,G,C,A,C,C,G,G,U,C,U,U,G,A,A,A,A,C,C,G,G,C,G,A,U,G,G,U,-,-,U,A,A,U,A,-,-,G,C,U,A,U,C,-,C,U,A,G,G,G,U,U,C,A,A,A,U,C,C,C,U,A,U,C,U,C,U,C,C,G,C,C,A,Vibrio_cholera,Ser,TGA,1,Ser-TGA,FALSE,FALSE,FALSE,FALSE,FALSE,FALSE,FALSE,FALSE,FALSE,FALSE,FALSE,FALSE,FALSE,FALSE,FALSE,FALSE,FALSE,FALSE,FALSE,FALSE
Sup-TTA-1,-,A,G,G,U,C,U,G,U,C,G,C,C,A,A,G,C,-,-,G,G,U,-,-,A,A,G,G,C,A,A,C,G,G,G,U,U,U,U,A,A,U,C,C,C,G,U,C,A,-,-,-,-,-,-,-,-,-,-,-,-,-,-,-,-,-,-,-,U,A,C,C,U,A,G,G,U,U,C,G,A,A,U,C,C,U,A,G,C,A,G,A,C,C,U,G,C,C,A,Vibrio_cholera,Sup,TTA,1,Sup-TTA,FALSE,FALSE,FALSE,FALSE,FALSE,FALSE,FALSE,FALSE,FALSE,FALSE,FALSE,FALSE,FALSE,FALSE,FALSE,FALSE,FALSE,FALSE,FALSE,FALSE
Thr-GGT-1,-,G,C,U,G,A,U,A,U,G,G,C,U,C,A,G,U,C,-,G,G,U,-,-,A,G,A,G,C,G,C,A,U,C,C,U,U,G,G,U,A,A,G,G,A,U,G,A,G,-,-,-,-,-,-,-,-,-,-,-,-,-,-,-,-,-,-,-,G,U,C,C,C,C,A,G,U,U,C,G,A,U,U,C,U,G,G,G,U,A,U,C,A,G,C,A,C,C,A,Vibrio_cholera,Thr,GGT,1,Thr-GGT,FALSE,TRUE,FALSE,FALSE,FALSE,FALSE,FALSE,FALSE,FALSE,FALSE,FALSE,FALSE,FALSE,FALSE,FALSE,FALSE,FALSE,TRUE,FALSE,FALSE
Thr-GGT-2,-,G,C,U,G,A,U,A,U,A,G,C,U,C,A,G,A,U,-,G,G,U,-,-,A,G,A,G,C,G,C,A,U,C,C,U,U,G,G,U,A,A,G,G,A,U,G,A,G,-,-,-,-,-,-,-,-,-,-,-,-,-,-,-,-,-,-,-,G,U,C,G,G,C,A,G,U,U,C,G,A,U,U,C,U,G,C,C,U,A,U,C,A,G,C,A,C,C,A,Vibrio_cholera,Thr,GGT,2,Thr-GGT,FALSE,TRUE,FALSE,FALSE,FALSE,FALSE,FALSE,FALSE,FALSE,FALSE,FALSE,FALSE,FALSE,FALSE,FALSE,FALSE,FALSE,TRUE,FALSE,FALSE
Thr-TGT-1,-,G,C,C,G,A,C,U,U,A,G,C,U,C,A,G,U,A,-,G,G,U,-,-,A,G,A,G,C,A,A,C,U,G,A,C,U,U,G,U,A,A,U,C,A,G,U,A,G,-,-,-,-,-,-,-,-,-,-,-,-,-,-,-,-,-,-,-,G,U,C,A,C,C,A,G,U,U,C,G,A,U,U,C,C,G,G,U,A,G,U,C,G,G,C,A,C,C,A,Vibrio_cholera,Thr,TGT,1,Thr-TGT,FALSE,TRUE,FALSE,FALSE,FALSE,FALSE,FALSE,FALSE,FALSE,FALSE,FALSE,FALSE,FALSE,FALSE,FALSE,FALSE,FALSE,FALSE,FALSE,FALSE
Thr-TGT-2,-,G,C,C,G,G,C,U,U,A,G,C,U,C,A,G,U,A,-,G,G,U,-,-,A,G,A,G,C,A,A,C,U,G,A,C,U,U,G,U,A,A,U,C,A,G,U,A,G,-,-,-,-,-,-,-,-,-,-,-,-,-,-,-,-,-,-,-,G,U,C,G,C,C,A,G,U,U,C,G,A,U,U,C,C,G,G,C,A,G,C,C,G,G,C,A,C,C,A,Vibrio_cholera,Thr,TGT,2,Thr-TGT,FALSE,TRUE,FALSE,FALSE,FALSE,FALSE,FALSE,FALSE,FALSE,FALSE,FALSE,FALSE,FALSE,FALSE,FALSE,FALSE,FALSE,FALSE,FALSE,FALSE
Trp-CCA-1,-,A,G,G,G,G,U,G,U,A,G,C,U,C,C,A,A,U,U,G,G,C,-,-,A,G,A,G,C,A,G,C,G,G,A,U,U,C,C,A,A,A,U,C,C,G,C,G,U,-,-,-,-,-,-,-,-,-,-,-,-,-,-,-,-,-,-,-,G,U,U,G,G,G,A,G,U,U,C,G,A,A,U,C,U,C,U,C,C,A,C,C,C,C,U,G,C,C,A,Vibrio_cholera,Trp,CCA,1,Trp-CCA,FALSE,TRUE,FALSE,FALSE,FALSE,FALSE,FALSE,FALSE,FALSE,FALSE,FALSE,FALSE,FALSE,FALSE,FALSE,FALSE,TRUE,FALSE,FALSE,FALSE
Tyr-GTA-1,-,G,G,A,G,G,G,G,U,U,C,C,C,G,A,G,U,-,-,G,G,C,C,A,A,A,G,G,G,A,G,C,A,G,A,C,U,G,U,A,A,A,U,C,U,G,C,C,-,G,G,C,-,-,-,-,U,C,C,-,-,-,-,-,-,G,C,C,U,U,C,G,A,U,G,G,U,U,C,G,A,A,U,C,C,G,U,C,C,C,C,C,U,C,C,A,C,C,A,Vibrio_cholera,Tyr,GTA,1,Tyr-GTA,FALSE,TRUE,TRUE,FALSE,FALSE,FALSE,TRUE,TRUE,FALSE,TRUE,FALSE,FALSE,FALSE,FALSE,FALSE,FALSE,TRUE,FALSE,FALSE,FALSE
Val-GAC-1,-,G,C,G,U,C,U,A,U,A,G,C,U,C,A,G,U,U,-,G,G,U,U,-,A,G,A,G,C,A,C,C,A,C,C,U,U,G,A,C,A,U,G,G,U,G,G,G,G,-,-,-,-,-,-,-,-,-,-,-,-,-,-,-,-,-,-,-,G,U,C,G,G,U,G,G,U,U,C,G,A,G,U,C,C,A,C,U,U,A,G,A,C,G,C,A,C,C,A,Vibrio_cholera,Val,GAC,1,Val-GAC,FALSE,TRUE,FALSE,FALSE,FALSE,FALSE,FALSE,FALSE,FALSE,FALSE,FALSE,FALSE,FALSE,FALSE,FALSE,FALSE,FALSE,FALSE,FALSE,TRUE
Val-GAC-2,-,G,C,G,U,C,C,G,U,A,G,C,U,C,A,G,U,U,-,G,G,U,U,-,A,G,A,G,C,A,C,C,A,C,C,U,U,G,A,C,A,U,G,G,U,G,G,G,G,-,-,-,-,-,-,-,-,-,-,-,-,-,-,-,-,-,-,-,G,U,C,G,G,U,G,G,U,U,C,G,A,G,U,C,C,A,C,U,C,G,G,A,C,G,C,A,C,C,A,Vibrio_cholera,Val,GAC,2,Val-GAC,FALSE,TRUE,FALSE,FALSE,FALSE,FALSE,FALSE,FALSE,FALSE,FALSE,FALSE,FALSE,FALSE,FALSE,FALSE,FALSE,FALSE,FALSE,FALSE,TRUE
Val-TAC-1,-,G,G,G,C,G,A,U,U,A,G,C,U,C,A,G,U,U,-,G,G,G,-,-,A,G,A,G,C,A,C,C,U,G,C,C,U,U,A,C,A,A,G,C,A,G,G,G,G,-,-,-,-,-,-,-,-,-,-,-,-,-,-,-,-,-,-,-,G,U,C,A,C,U,G,G,U,U,C,G,A,A,C,C,C,G,G,U,A,U,C,G,C,C,C,A,C,C,A,Vibrio_cholera,Val,TAC,1,Val-TAC,FALSE,TRUE,FALSE,TRUE,TRUE,FALSE,FALSE,FALSE,FALSE,FALSE,FALSE,FALSE,FALSE,FALSE,FALSE,FALSE,FALSE,FALSE,FALSE,FALSE
fMet-CAT-1,-,C,G,C,G,G,G,G,U,G,G,A,G,C,A,G,C,U,U,G,G,U,-,-,A,G,C,U,C,G,U,C,G,G,G,C,U,C,A,U,A,A,C,C,C,G,A,A,G,-,-,-,-,-,-,-,-,-,-,-,-,-,-,-,-,-,-,-,G,U,C,G,U,U,G,G,U,U,C,A,A,A,U,C,C,G,G,C,C,C,C,C,G,C,A,A,C,C,A,Vibrio_cholera,fMet,CAT,1,fMet-CAT,FALSE,TRUE,FALSE,FALSE,FALSE,FALSE,FALSE,FALSE,FALSE,FALSE,FALSE,FALSE,FALSE,FALSE,FALSE,FALSE,FALSE,FALSE,FALSE,FALSE
fMet-CAT-2,-,C,G,C,G,G,G,A,U,G,G,A,G,C,A,G,C,U,U,G,G,U,-,-,A,G,C,U,C,G,U,C,G,G,G,C,U,C,A,U,A,A,C,C,C,G,A,A,G,-,-,-,-,-,-,-,-,-,-,-,-,-,-,-,-,-,-,-,G,U,C,G,U,U,G,G,U,U,C,A,A,A,U,C,C,A,G,C,U,C,C,C,G,C,A,A,C,C,A,Vibrio_cholera,fMet,CAT,2,fMet-CAT,FALSE,TRUE,FALSE,FALSE,FALSE,FALSE,FALSE,FALSE,FALSE,FALSE,FALSE,FALSE,FALSE,FALSE,FALSE,FALSE,FALSE,FALSE,FALSE,FALSE
fMet-CAT-3,-,C,G,C,G,G,G,G,U,G,G,A,G,C,A,G,C,U,U,G,G,U,-,-,A,G,C,U,C,G,U,C,G,G,G,C,U,C,A,U,A,A,C,C,C,G,A,A,G,-,-,-,-,-,-,-,-,-,-,-,-,-,-,-,-,-,-,-,G,U,C,G,U,U,G,G,U,U,C,A,A,A,U,C,C,A,G,C,C,C,C,C,G,C,A,A,C,C,A,Vibrio_cholera,fMet,CAT,3,fMet-CAT,FALSE,TRUE,FALSE,FALSE,FALSE,FALSE,FALSE,FALSE,FALSE,FALSE,FALSE,FALSE,FALSE,FALSE,FALSE,FALSE,FALSE,FALSE,FALSE,FALSE
fMet-CAT-4,-,C,G,C,G,G,G,G,U,G,G,A,G,C,A,G,C,U,U,G,G,U,-,-,A,G,C,U,C,G,U,C,G,G,G,C,U,C,A,U,A,A,C,C,C,G,A,A,G,-,-,-,-,-,-,-,-,-,-,-,-,-,-,-,-,-,-,-,G,U,C,G,U,C,G,G,U,U,C,A,A,A,U,C,C,G,G,C,C,C,C,C,G,C,A,A,C,C,A,Vibrio_cholera,fMet,CAT,4,fMet-CAT,FALSE,TRUE,FALSE,FALSE,FALSE,FALSE,FALSE,FALSE,FALSE,FALSE,FALSE,FALSE,FALSE,FALSE,FALSE,FALSE,FALSE,FALSE,FALSE,FALSE
